2026-08-20 10:44:11+00,Kliflimi,QuestDropped,"POINT(-487.59 -6459.56)",7,9,8.04,"Scalding Mornbrew Delivery","3364"
2026-08-20 10:44:11+00,Kliflimi,QuestUpdateFailedTimerAction,"POINT(-487.59 -6459.56)",7,9,8.04,"3364","FailedTimer"
2026-08-20 10:44:14+00,Elliela,AttackAnythingAction,"POINT(381.28 -9359.19)",10,4,8.21,"Mangy Wolf (lvl 5)","525"
2026-08-20 10:44:14+00,Elaenas,AttackAnythingAction,"POINT(-14292.59 6080.68)",4,3,8.54,"Nightsaber (lvl 5)","2042"
2026-08-20 10:44:16+00,Hylora,QuestTravelToObjective,"POINT(-14634.49 6126.71)",4,11,8.13,"The Woodland Protector","459"
2026-08-20 10:44:18+00,Emeterena,QuestDropped,"POINT(-296.13 -6498.94)",10,3,8.21,"Scalding Mornbrew Delivery","3364"
2026-08-20 10:44:18+00,Emeterena,QuestUpdateFailedTimerAction,"POINT(-296.13 -6498.94)",10,3,8.21,"3364","FailedTimer"
2026-08-20 10:44:22+00,Dianore,AttackAnythingAction,"POINT(-121.69 2052.01)",9,9,6.93,"Decrepit Darkhound (lvl 6)","1547"
2026-08-20 10:44:22+00,Kalata,AttackAnythingAction,"POINT(77.66 -8794.22)",1,9,8.37,"Young Wolf (lvl 1)","299"
2026-08-20 10:44:23+00,Mored,BGJoinAction,"POINT(177.07 -8917.33)",1,9,10.72,"","4"
2026-08-20 10:44:23+00,Cherica,QuestDropped,"POINT(-567.70 -6366.32)",1,9,7.69,"Scalding Mornbrew Delivery","3364"
2026-08-20 10:44:23+00,Cherica,QuestUpdateFailedTimerAction,"POINT(-567.70 -6366.32)",1,9,7.69,"3364","FailedTimer"
2026-08-20 10:44:23+00,Karalda,QuestTravelToObjective,"POINT(14289.76 -5605.86)",1,2,9.86,"Investigate Echo Ridge","15"
2026-08-20 10:44:24+00,Vemai,QuestTravelToTaker,"POINT(-574.27 -8428.71)",4,3,10.88,"The Troll Cave","182"
2026-08-20 10:44:24+00,Emarcy,AttackAnythingAction,"POINT(119.84 -8898.23)",1,3,7.30,"Young Wolf (lvl 1)","299"
2026-08-20 10:44:25+00,Honkto,QuestTravelToObjective,"POINT(-13622.22 -4722.05)",6,1,7.00,"The Hunt Begins","747"
2026-08-20 10:44:25+00,Vestella,AttackAnythingAction,"POINT(-302.38 -6493.84)",10,1,8.35,"Frostmane Novice (lvl 3)","946"
2026-08-20 10:44:26+00,Liaspar,XpGainAction,"POINT(327.66 -9080.80)",10,5,6.68,"Defias Thug","60"
2026-08-20 10:44:26+00,Damelamy,AttackAnythingAction,"POINT(275.15 -9030.01)",10,4,7.28,"Defias Thug (lvl 3)","38"
2026-08-20 10:44:26+00,Uhlgerm,AttackAnythingAction,"POINT(-9515.34 -4261.72)",2,7,9.40,"Scorpid Worker (lvl 3)","3124"
2026-08-20 10:44:27+00,Cartha,AcceptInvitationAction,"POINT(14289.76 -5605.86)",10,4,9.96,"Naranu","2"
2026-08-20 10:44:27+00,Gracie,AcceptInvitationAction,"POINT(16785.36 -5575.03)",10,4,7.29,"Gweno","2"
2026-08-20 10:44:27+00,Nerice,AutoReleaseSpiritAction,"POINT(603.39 494.27)",9,3,8.50,"",""
2026-08-20 10:44:28+00,Bellie,XpGainAction,"POINT(-8685.77 -3890.55)",9,8,6.88,"Kul Tiras Sailor","150"
2026-08-20 10:44:28+00,Bellie,AutoSetTalentsAction,"POINT(-8685.77 -3890.55)",9,8,7.00,"0","50860"
2026-08-20 10:44:28+00,Sorisse,AttackAnythingAction,"POINT(-14379.90 6620.10)",4,3,8.16,"Grell (lvl 2)","1988"
2026-08-20 10:44:28+00,Arisannah,AutoReleaseSpiritAction,"POINT(-14857.28 6037.49)",10,8,9.18,"",""
2026-08-20 10:44:29+00,Bellie,AutoSetTalentsAction,"POINT(-8685.77 -3890.55)",9,8,7.00,"1","50861"
2026-08-20 10:44:29+00,Eranka,XpGainAction,"POINT(-13264.25 -5559.84)",9,8,9.16,"Prairie Stalker","150"
2026-08-20 10:44:31+00,Ichad,XpGainAction,"POINT(-53.79 -9350.69)",1,2,8.46,"Mangy Wolf","112"
2026-08-20 10:44:31+00,Ungar,AutoReleaseSpiritAction,"POINT(87.01 -5647.58)",3,2,11.94,"",""
2026-08-20 10:44:31+00,Selysea,XpGainAction,"POINT(-14955.11 6379.60)",4,4,8.74,"Nightsaber","84"
2026-08-20 10:44:32+00,Damelamy,XpGainAction,"POINT(275.15 -9030.01)",10,4,7.29,"Defias Thug","32"
2026-08-20 10:44:33+00,Suranon,BGJoinAction,"POINT(-15343.11 6457.60)",10,3,12.09,"WSG","2"
2026-08-20 10:44:33+00,Jisaem,QuestTravelToObjective,"POINT(-14639.88 7174.10)",4,3,8.57,"The Woodland Protector","459"
2026-08-20 10:44:33+00,Lavinetta,XpGainAction,"POINT(373.29 -8897.77)",10,4,8.01,"Defias Thug","56"
2026-08-20 10:44:33+00,Diklittlal,AutoReleaseSpiritAction,"POINT(319.12 -5727.15)",7,4,7.90,"",""
2026-08-20 10:44:33+00,Farko,AttackAnythingAction,"POINT(-37.72 -5090.95)",10,3,11.03,"Elder Crag Boar (lvl 8)","1127"
2026-08-20 10:44:33+00,Daelar,ReviveFromSpiritHealerAction,"POINT(592.50 -732.80)",1,3,10.31,"",""
2026-08-20 10:44:33+00,Kerine,XpGainAction,"POINT(16.64 -9241.19)",10,5,8.90,"Defias Cutpurse","112"
2026-08-20 10:44:33+00,Kerine,AutoSetTalentsAction,"POINT(16.64 -9241.19)",10,5,9.00,"0","45352"
2026-08-20 10:44:33+00,Kerine,AutoSetTalentsAction,"POINT(16.64 -9241.19)",10,5,9.00,"0","45352"
2026-08-20 10:44:34+00,Therette,XpGainAction,"POINT(-13861.42 -5738.48)",9,1,8.95,"Prairie Wolf","112"
2026-08-20 10:44:34+00,Therette,AutoSetTalentsAction,"POINT(-13861.42 -5738.48)",9,1,9.00,"0","87229"
2026-08-20 10:44:34+00,Aralco,XpGainAction,"POINT(-275.76 -9464.92)",10,2,9.00,"Defias Cutpurse","112"
2026-08-20 10:44:34+00,Aralco,AutoSetTalentsAction,"POINT(-275.76 -9464.92)",10,2,9.09,"1","20683"
2026-08-20 10:44:34+00,Therette,AutoSetTalentsAction,"POINT(-13861.42 -5738.48)",9,1,9.00,"0","87229"
2026-08-20 10:44:34+00,Zalea,AttackAnythingAction,"POINT(383.51 -9052.59)",1,8,7.40,"Defias Thug (lvl 3)","38"
2026-08-20 10:44:34+00,Geraneya,XpGainAction,"POINT(-12796.65 -6241.60)",9,8,7.15,"Prairie Wolf","128"
2026-08-20 10:44:34+00,Trixie,XpGainAction,"POINT(-1416.32 2312.89)",5,9,6.81,"Tirisfal Farmer","150"
2026-08-20 10:44:34+00,Bereander,QuestTravelToObjective,"POINT(-9481.01 -3545.91)",9,4,9.19,"Sting of the Scorpid","789"
2026-08-20 10:44:34+00,Laranka,XpGainAction,"POINT(332.99 -9113.21)",10,3,7.60,"Defias Thug","32"
2026-08-20 10:44:34+00,Jisaem,StoreLootAction,"POINT(-14639.88 7174.10)",4,3,8.57,"Snapped Spider Limb","1476"
2026-08-20 10:44:34+00,Jisaem,StoreLootAction,"POINT(-14639.88 7174.10)",4,3,8.57,"Sticky Ichor","7100"
2026-08-20 10:44:34+00,Bereander,AttackAnythingAction,"POINT(-9481.01 -3545.91)",9,4,9.19,"Armored Scorpid (lvl 7)","3126"
2026-08-20 10:44:35+00,Goldino,XpGainAction,"POINT(387.18 -8915.63)",10,8,8.28,"Defias Thug","56"
2026-08-20 10:44:35+00,Marianca,XpGainAction,"POINT(2829.93 3484.18)",10,8,9.04,"Bright Lynx","60"
2026-08-20 10:44:35+00,Blanik,XpGainAction,"POINT(-915.08 2480.47)",9,8,8.63,"Cursed Darkhound","140"
2026-08-20 10:44:35+00,Adette,XpGainAction,"POINT(301.45 -9516.27)",10,4,11.21,"Murloc Streamrunner","56"
2026-08-20 10:44:35+00,Kalata,StoreLootAction,"POINT(77.66 -8794.22)",1,9,8.37,"Ruined Pelt","4865"
2026-08-20 10:44:36+00,Kalata,AttackAnythingAction,"POINT(77.66 -8794.22)",1,9,8.37,"Timber Wolf (lvl 2)","69"
2026-08-20 10:44:36+00,Shatdim,XpGainAction,"POINT(-8916.90 -4688.92)",2,9,9.11,"Kolkar Drudge","120"
2026-08-20 10:44:36+00,Raneya,XpGainAction,"POINT(-12906.23 -6252.65)",9,9,8.44,"Prairie Wolf","84"
2026-08-20 10:44:36+00,Rinerita,XpGainAction,"POINT(-409.25 -9514.48)",10,4,8.56,"Mangy Wolf","112"
2026-08-20 10:44:37+00,Qoihosto,AcceptInvitationAction,"POINT(-13634.29 -4737.49)",6,1,7.00,"Nungwagoe","2"
2026-08-20 10:44:37+00,Nerice,ReviveFromSpiritHealerAction,"POINT(981.17 -18.68)",9,3,8.50,"",""
2026-08-20 10:44:37+00,Kibo,XpGainAction,"POINT(-160.96 -5304.71)",7,1,10.11,"Winter Wolf","108"
2026-08-20 10:44:37+00,Arisannah,ReviveFromSpiritHealerAction,"POINT(-14615.62 6021.25)",10,8,9.18,"",""
2026-08-20 10:44:37+00,Tomaro,XpGainAction,"POINT(-9029.62 -2629.09)",9,4,9.42,"Armored Scorpid","120"
2026-08-20 10:44:37+00,Narianey,XpGainAction,"POINT(-279.28 -9286.69)",10,5,6.71,"Defias Cutpurse","150"
2026-08-20 10:44:37+00,Zolas,XpGainAction,"POINT(-8911.73 -2312.08)",9,4,12.27,"Bloodtalon Scythemaw","130"
2026-08-20 10:44:38+00,Jaminah,AttackAnythingAction,"POINT(162.50 -8951.46)",1,8,5.38,"Timber Wolf (lvl 2)","69"
2026-08-20 10:44:38+00,Laranka,StoreLootAction,"POINT(332.99 -9113.21)",10,3,7.66,"Pitted Defias Shortsword","2057"
2026-08-20 10:44:38+00,Cheahobo,AttackAnythingAction,"POINT(-13455.00 -6611.42)",6,11,2.00,"Plainstrider (lvl 1)","2955"
2026-08-20 10:44:38+00,Artim,XpGainAction,"POINT(-9287.45 -3880.86)",9,9,8.50,"Vile Familiar","56"
2026-08-20 10:44:39+00,Uwiele,AttackAnythingAction,"POINT(-8758.60 -4359.79)",8,8,9.33,"Clattering Scorpid (lvl 6)","3125"
2026-08-20 10:44:39+00,Liaspar,XpGainAction,"POINT(327.66 -9080.80)",10,5,6.78,"Defias Thug","45"
2026-08-20 10:44:39+00,Silvetta,BGJoinAction,"POINT(-12875.95 -6244.31)",9,4,11.20,"WSG","2"
2026-08-20 10:44:39+00,Bedyia,AutoReleaseSpiritAction,"POINT(-15088.53 5762.47)",4,3,4.23,"",""
2026-08-20 10:44:39+00,Stanon,XpGainAction,"POINT(340.97 -8975.92)",1,1,7.20,"Defias Thug","32"
2026-08-20 10:44:39+00,Yolara,AutoReleaseSpiritAction,"POINT(-200.01 -9191.17)",1,3,8.43,"",""
2026-08-20 10:44:40+00,Bernor,XpGainAction,"POINT(-13161.75 -6184.72)",5,9,9.75,"Prairie Wolf","60"
2026-08-20 10:44:40+00,Anesta,XpGainAction,"POINT(-13576.70 -6278.64)",9,1,10.25,"Prairie Wolf","80"
2026-08-20 10:44:40+00,Taland,ReviveFromSpiritHealerAction,"POINT(-13595.35 -4661.92)",9,8,10.15,"",""
2026-08-20 10:44:40+00,Aradamir,XpGainAction,"POINT(-319.04 -9604.39)",10,3,10.12,"Mangy Wolf","54"
2026-08-20 10:44:41+00,Rian,AttackAnythingAction,"POINT(-399.26 -5617.02)",10,2,11.55,"Snow Leopard (lvl 7)","1201"
2026-08-20 10:44:41+00,Vigoren,XpGainAction,"POINT(-1143.48 1808.62)",5,9,7.46,"Cursed Darkhound","160"
2026-08-20 10:44:41+00,Farko,XpGainAction,"POINT(-37.72 -5090.95)",10,3,11.05,"Elder Crag Boar","114"
2026-08-20 10:44:41+00,Harlean,AutoReleaseSpiritAction,"POINT(576.07 -9085.36)",10,4,7.36,"",""
2026-08-20 10:44:41+00,Proto,XpGainAction,"POINT(-14710.91 6406.88)",10,5,9.98,"Shadow Sprite","90"
2026-08-20 10:44:41+00,Proto,AutoSetTalentsAction,"POINT(-14710.91 6406.88)",10,5,10.00,"0","103660"
2026-08-20 10:44:41+00,Gerani,XpGainAction,"POINT(404.79 -8916.32)",1,1,9.01,"Defias Thug","56"
2026-08-20 10:44:41+00,Gerani,AutoSetTalentsAction,"POINT(404.79 -8916.32)",1,1,9.07,"0","21275"
2026-08-20 10:44:41+00,Proto,AutoSetTalentsAction,"POINT(-14710.91 6406.88)",10,5,10.00,"0","103660"
2026-08-20 10:44:41+00,Astorick,AutoReleaseSpiritAction,"POINT(-10320.67 -3744.00)",9,4,14.73,"",""
2026-08-20 10:44:42+00,Songano,BGJoinAction,"POINT(542.01 -5565.88)",3,3,12.14,"WSG","2"
2026-08-20 10:44:42+00,Flotte,ReviveFromSpiritHealerAction,"POINT(592.50 -732.80)",10,3,7.13,"",""
2026-08-20 10:44:42+00,Zeliana,XpGainAction,"POINT(255.73 -9408.78)",1,8,10.28,"Mangy Wolf","80"
2026-08-20 10:44:42+00,Krittlezz,XpGainAction,"POINT(-158.53 -5308.90)",7,9,11.14,"Winter Wolf","84"
2026-08-20 10:44:42+00,Arandel,XpGainAction,"POINT(2631.74 3724.32)",10,8,7.26,"Brilliant Mana Wyrm","128"
2026-08-20 10:44:42+00,Finny,XpGainAction,"POINT(-13452.38 -5519.26)",9,1,12.82,"Venture Co. Laborer","78"
2026-08-20 10:44:42+00,Eliano,StoreLootAction,"POINT(322.08 -9131.57)",10,2,9.88,"Darnassian Bleu","2070"
2026-08-20 10:44:42+00,Eliano,AttackAnythingAction,"POINT(322.08 -9131.57)",10,2,9.88,"Defias Thug (lvl 4)","38"
2026-08-20 10:44:43+00,Lelaedya,QuestTravelToTaker,"POINT(473.73 -5972.71)",4,11,7.40,"A Troubling Breeze","475"
2026-08-20 10:44:43+00,Nainer,StoreLootAction,"POINT(-9308.86 -3834.25)",9,1,8.85,"Ruined Pelt","4865"
2026-08-20 10:44:43+00,Joane,EquipAction,"POINT(-13318.30 -5804.58)",9,1,11.51,"Fishing Pole","6256"
2026-08-20 10:44:43+00,Janta,ReviveFromSpiritHealerAction,"POINT(592.50 -732.80)",10,1,9.09,"",""
2026-08-20 10:44:43+00,Barnac,ReviveFromSpiritHealerAction,"POINT(592.50 -732.80)",10,1,10.41,"",""
2026-08-20 10:44:43+00,Minise,AttackAnythingAction,"POINT(354.58 -9525.25)",10,1,9.79,"Murloc Streamrunner (lvl 6)","735"
2026-08-20 10:44:44+00,Larineva,AttackAnythingAction,"POINT(-85.51 -5194.69)",10,5,7.52,"Timber (lvl 10)","1132"
2026-08-20 10:44:44+00,Aurona,BGJoinAction,"POINT(84.90 -9047.73)",10,4,12.17,"AB","3"
2026-08-20 10:44:44+00,Astand,QuestTravelToGiver,"POINT(-336.32 -6164.23)",1,2,6.50,"Down in the Ridge","60145"
2026-08-20 10:44:44+00,Gabri,EquipAction,"POINT(140.26 2591.46)",5,1,8.95,"Fishing Pole","6256"
2026-08-20 10:44:44+00,Valasto,AutoReleaseSpiritAction,"POINT(-46.02 -9129.64)",10,3,9.19,"",""
2026-08-20 10:44:45+00,Festerek,ReviveFromSpiritHealerAction,"POINT(592.50 -732.80)",10,1,12.54,"",""
2026-08-20 10:44:45+00,Evedrol,AutoReleaseSpiritAction,"POINT(-14940.02 5830.87)",4,3,3.18,"",""
2026-08-20 10:44:45+00,Flioye,AcceptInvitationAction,"POINT(-13622.22 -4722.05)",6,7,9.18,"Honkto","2"
2026-08-20 10:44:45+00,Emeterena,StoreLootAction,"POINT(-296.13 -6498.94)",10,3,8.21,"Bent Large Shield","2211"
2026-08-20 10:44:46+00,Damelamy,XpGainAction,"POINT(275.41 -9028.56)",10,4,7.35,"Defias Thug","32"
2026-08-20 10:44:46+00,Vokrae,AcceptInvitationAction,"POINT(-9563.99 -4263.47)",8,8,3.07,"Rawdi","2"
2026-08-20 10:44:46+00,Sadonna,ReviveFromSpiritHealerAction,"POINT(592.50 -732.80)",10,2,8.77,"",""
2026-08-20 10:44:46+00,Handelio,XpGainAction,"POINT(-12517.93 -6750.22)",9,9,8.40,"Bristleback Quilboar","56"
2026-08-20 10:44:46+00,Gabor,AcceptInvitationAction,"POINT(-282.04 2064.20)",5,4,8.33,"Liori","2"
2026-08-20 10:44:47+00,Farko,AttackAnythingAction,"POINT(-33.29 -5070.48)",10,3,11.12,"Elder Crag Boar (lvl 8)","1127"
2026-08-20 10:44:47+00,Caelo,XpGainAction,"POINT(-15531.18 5935.72)",10,8,11.06,"Gnarlpine Shaman","114"
2026-08-20 10:44:48+00,Iristeria,AutoReleaseSpiritAction,"POINT(-8084.83 -4935.42)",9,4,9.42,"",""
2026-08-20 10:44:48+00,Blandorion,AttackAnythingAction,"POINT(132.49 -8949.95)",1,1,3.13,"Young Wolf (lvl 1)","299"
2026-08-20 10:44:48+00,Liaspar,XpGainAction,"POINT(327.66 -9080.80)",10,5,6.85,"Defias Thug","45"
2026-08-20 10:44:48+00,Stalorent,XpGainAction,"POINT(-8297.87 -4727.09)",9,9,9.33,"Durotar Tiger","120"
2026-08-20 10:44:48+00,Sinary,XpGainAction,"POINT(-9309.32 -3856.95)",9,4,7.05,"Vile Familiar","64"
2026-08-20 10:44:49+00,Borran,AutoReleaseSpiritAction,"POINT(153.50 -9867.94)",10,4,9.87,"",""
2026-08-20 10:44:49+00,Bedyia,ReviveFromSpiritHealerAction,"POINT(-14615.62 6021.25)",4,3,4.23,"",""
2026-08-20 10:44:49+00,Yolara,ReviveFromSpiritHealerAction,"POINT(592.50 -732.80)",1,3,8.43,"",""
2026-08-20 10:44:51+00,Astorick,ReviveFromSpiritHealerAction,"POINT(-11146.51 -4272.60)",9,4,14.73,"",""
2026-08-20 10:44:52+00,Norton,BGJoinAction,"POINT(1361.89 -9541.13)",10,4,11.48,"WSG","2"
2026-08-20 10:44:52+00,Solaris,AttackAnythingAction,"POINT(-14059.04 6172.24)",1,2,9.57,"Uruson (lvl 7)","14428"
2026-08-20 10:44:52+00,Rawdi,AttackAnythingAction,"POINT(-9566.57 -4265.19)",2,3,3.68,"Scorpid Worker (lvl 3)","3124"
2026-08-20 10:44:52+00,Dinkau,QuestTravelToObjective,"POINT(-12807.27 -6478.11)",6,1,8.32,"A Humble Task","753"
2026-08-20 10:44:53+00,Elliela,XpGainAction,"POINT(381.28 -9359.19)",10,4,8.22,"Mangy Wolf","84"
2026-08-20 10:44:53+00,Janessia,AutoReleaseSpiritAction,"POINT(211.57 -9471.26)",10,4,9.24,"",""
2026-08-20 10:44:53+00,Nocahmo,BGJoinAction,"POINT(-13624.14 -4724.51)",6,11,11.41,"","4"
2026-08-20 10:44:53+00,Adineri,GuildLeaveAction,"POINT(-13828.79 -5302.65)",9,1,9.00,"Grammaton Collective","56"
2026-08-20 10:44:53+00,Wanma,AutoReleaseSpiritAction,"POINT(-13919.21 -5726.96)",6,7,8.73,"",""
2026-08-20 10:44:54+00,Therette,AttackAnythingAction,"POINT(-13861.42 -5738.48)",9,1,9.00,"Prairie Wolf (lvl 5)","2958"
2026-08-20 10:44:54+00,Uwiele,XpGainAction,"POINT(-8758.60 -4359.79)",8,8,9.34,"Clattering Scorpid","90"
2026-08-20 10:44:54+00,Acondo,AcceptInvitationAction,"POINT(-571.61 -8416.94)",10,1,11.28,"Vemai","2"
2026-08-20 10:44:54+00,Munjar,AcceptInvitationAction,"POINT(-9567.59 -4265.75)",8,4,4.26,"Rawdi","3"
2026-08-20 10:44:55+00,Morenzo,AttackAnythingAction,"POINT(165.20 -9294.44)",1,2,8.15,"Mangy Wolf (lvl 5)","525"
2026-08-20 10:44:55+00,Festerek,XpGainAction,"POINT(592.50 -732.80)",10,1,12.55,"","125"
2026-08-20 10:44:55+00,Baderett,XpGainAction,"POINT(-312.94 -9641.77)",10,5,8.14,"Mangy Wolf","84"
2026-08-20 10:44:55+00,Odorin,AttackAnythingAction,"POINT(210.90 -8863.47)",1,8,7.37,"Timber Wolf (lvl 2)","69"
2026-08-20 10:44:55+00,Evedrol,ReviveFromSpiritHealerAction,"POINT(-14615.62 6021.25)",4,3,3.18,"",""
2026-08-20 10:44:56+00,Trixie,XpGainAction,"POINT(-1398.52 2312.23)",5,9,7.01,"Tirisfal Farmhand","75"
2026-08-20 10:44:56+00,Trixie,AutoSetTalentsAction,"POINT(-1398.52 2312.23)",5,9,7.07,"0","60391"
2026-08-20 10:44:56+00,Annarini,BGJoinAction,"POINT(-269.17 2055.88)",5,5,11.19,"AB","3"
2026-08-20 10:44:56+00,Freline,AutoReleaseSpiritAction,"POINT(-551.84 -9496.64)",10,4,9.19,"",""
2026-08-20 10:44:56+00,Artim,AttackAnythingAction,"POINT(-9287.45 -3880.86)",9,9,8.58,"Vile Familiar (lvl 3)","3101"
2026-08-20 10:44:56+00,Uwiele,AttackAnythingAction,"POINT(-8758.60 -4359.79)",8,8,9.42,"Clattering Scorpid (lvl 6)","3125"
2026-08-20 10:44:57+00,Omaristo,AutoReleaseSpiritAction,"POINT(-634.50 2211.67)",9,4,7.10,"",""
2026-08-20 10:44:57+00,Iristeria,ReviveFromSpiritHealerAction,"POINT(-8685.00 -4458.00)",9,4,9.42,"",""
2026-08-20 10:44:57+00,Vestella,AttackAnythingAction,"POINT(-300.51 -6488.58)",10,1,8.35,"Grik'nir the Cold (lvl 5)","808"
2026-08-20 10:44:57+00,Stanon,XpGainAction,"POINT(340.97 -8975.92)",1,1,7.27,"Defias Thug","64"
2026-08-20 10:44:57+00,Odela,BGJoinAction,"POINT(14289.76 -5605.86)",10,1,11.51,"WSG","2"
2026-08-20 10:44:57+00,Dothagaba,AttackAnythingAction,"POINT(-13451.90 -6605.41)",6,11,2.00,"Plainstrider (lvl 1)","2955"
2026-08-20 10:44:58+00,Larineva,AutoReleaseSpiritAction,"POINT(-85.51 -5194.69)",10,5,7.52,"",""
2026-08-20 10:44:58+00,Lorrett,AttackAnythingAction,"POINT(635.80 -4939.60)",1,3,12.93,"Ice Claw Bear (lvl 8)","1196"
2026-08-20 10:44:58+00,Salessa,XpGainAction,"POINT(-9566.15 -4227.33)",9,3,7.20,"Sarkoth","64"
2026-08-20 10:44:58+00,Gumogg,XpGainAction,"POINT(414.11 -5697.48)",3,3,9.28,"Young Black Bear","60"
2026-08-20 10:44:58+00,Onjimu,AutoReleaseSpiritAction,"POINT(-9369.89 -3619.39)",8,3,9.01,"",""
2026-08-20 10:44:59+00,Aralastor,BGJoinAction,"POINT(-667.49 1983.22)",5,9,10.68,"WSG","2"
2026-08-20 10:44:59+00,Zenor,AutoReleaseSpiritAction,"POINT(-187.05 -9831.10)",10,3,8.30,"",""
2026-08-20 10:44:59+00,Hohdu,AutoReleaseSpiritAction,"POINT(-9345.15 -3443.78)",8,3,7.09,"",""
2026-08-20 10:44:59+00,Eladon,BGJoinAction,"POINT(-434.36 -9029.01)",4,1,12.72,"AB","3"
2026-08-20 10:45:00+00,Evangi,AutoReleaseSpiritAction,"POINT(552.98 -9489.19)",10,4,9.22,"",""
2026-08-20 10:45:00+00,Enaro,XpGainAction,"POINT(-533.61 2224.76)",5,4,8.71,"Decrepit Darkhound","84"
2026-08-20 10:45:01+00,Lavinetta,XpGainAction,"POINT(371.50 -8896.38)",10,4,8.10,"Defias Thug","56"
2026-08-20 10:45:01+00,Salessa,AttackAnythingAction,"POINT(-9566.15 -4227.33)",9,3,7.31,"Scorpid Worker (lvl 3)","3124"
2026-08-20 10:45:02+00,Teresia,BGJoinAction,"POINT(-15617.03 6317.25)",10,5,10.00,"WSG","2"
2026-08-20 10:45:02+00,Wanma,ReviveFromSpiritHealerAction,"POINT(-13327.97 -5855.19)",6,7,8.73,"",""
2026-08-20 10:45:03+00,Kalata,StoreLootAction,"POINT(77.66 -8794.22)",1,9,8.37,"Ruined Pelt","4865"
2026-08-20 10:45:03+00,Kalata,StoreLootAction,"POINT(77.66 -8794.22)",1,9,8.37,"Chipped Claw","7074"
2026-08-20 10:45:03+00,Tallian,BGJoinAction,"POINT(-610.51 2236.14)",9,9,10.55,"AB","3"
2026-08-20 10:45:03+00,Flandora,AutoReleaseSpiritAction,"POINT(-576.90 -9823.56)",10,1,8.69,"",""
2026-08-20 10:45:03+00,Deltia,QuestTravelToTaker,"POINT(-14572.70 6072.11)",4,1,7.21,"A Good Friend","4495"
2026-08-20 10:45:04+00,Thylileath,AutoReleaseSpiritAction,"POINT(-14017.06 5988.75)",4,1,8.31,"",""
2026-08-20 10:45:04+00,Hadric,AttackAnythingAction,"POINT(14.96 -9244.82)",1,3,8.43,"Young Wolf (lvl 1)","299"
2026-08-20 10:45:04+00,Farko,XpGainAction,"POINT(-36.70 -5044.76)",10,3,11.13,"Elder Crag Boar","57"
2026-08-20 10:45:04+00,Kalata,AttackAnythingAction,"POINT(77.66 -8794.22)",1,9,8.37,"Young Wolf (lvl 1)","299"
2026-08-20 10:45:04+00,Eldorion,XpGainAction,"POINT(-8732.94 -3638.52)",9,4,7.93,"Kul Tiras Marine","128"
2026-08-20 10:45:04+00,Eldorion,AutoSetTalentsAction,"POINT(-8732.94 -3638.52)",9,4,8.00,"0","32128"
2026-08-20 10:45:04+00,Landro,AttackAnythingAction,"POINT(82.19 -8846.19)",1,1,7.09,"Young Wolf (lvl 1)","299"
2026-08-20 10:45:04+00,Krizio,AutoReleaseSpiritAction,"POINT(591.92 -4901.43)",10,3,9.06,"",""
2026-08-20 10:45:04+00,Maroto,BGJoinAction,"POINT(-302.40 1596.21)",5,4,12.08,"WSG","2"
2026-08-20 10:45:04+00,Therette,XpGainAction,"POINT(-13861.42 -5738.48)",9,1,9.00,"Prairie Wolf","30"
2026-08-20 10:45:04+00,Elaenas,AutoReleaseSpiritAction,"POINT(-14292.59 6080.68)",4,3,8.54,"",""
2026-08-20 10:45:05+00,Eldorion,AutoSetTalentsAction,"POINT(-8732.94 -3638.52)",9,4,8.00,"0","32128"
2026-08-20 10:45:05+00,Damianuel,AutoReleaseSpiritAction,"POINT(-8560.48 -3920.51)",9,3,7.33,"",""
2026-08-20 10:45:05+00,Minise,XpGainAction,"POINT(354.58 -9525.25)",10,1,9.81,"Murloc Streamrunner","90"
2026-08-20 10:45:06+00,Vaneira,AcceptInvitationAction,"POINT(-269.17 2055.88)",9,9,8.45,"Liori","3"
2026-08-20 10:45:06+00,Esodren,AcceptInvitationAction,"POINT(-14639.57 4977.60)",4,11,7.19,"Shalrin","2"
2026-08-20 10:45:06+00,Landro,AttackAnythingAction,"POINT(82.19 -8846.19)",1,1,7.09,"Young Wolf (lvl 1)","299"
2026-08-20 10:45:06+00,Iwaristan,AttackAnythingAction,"POINT(-6470.42 -3921.15)",9,9,3.61,"Whirling Whizz-Bot (lvl 1)","80112"
2026-08-20 10:45:07+00,Larineva,ReviveFromSpiritHealerAction,"POINT(518.92 -5680.04)",10,5,7.52,"",""
2026-08-20 10:45:08+00,Onjimu,ReviveFromSpiritHealerAction,"POINT(-8876.27 -3446.54)",8,3,9.01,"",""
2026-08-20 10:45:08+00,Farko,AttackAnythingAction,"POINT(-29.70 -5026.94)",10,3,11.15,"Elder Crag Boar (lvl 7)","1127"
2026-08-20 10:45:08+00,Zolatera,AutoReleaseSpiritAction,"POINT(-585.85 2315.22)",5,9,10.65,"",""
2026-08-20 10:45:08+00,Hohdu,ReviveFromSpiritHealerAction,"POINT(-8876.27 -3446.54)",8,3,7.09,"",""
2026-08-20 10:45:08+00,Nelane,AttackAnythingAction,"POINT(-6466.32 -3917.82)",9,3,3.00,"Haywire Battlechicken (lvl 2)","80117"
2026-08-20 10:45:08+00,Uwiele,XpGainAction,"POINT(-8758.60 -4359.79)",8,8,9.42,"Clattering Scorpid","45"
2026-08-20 10:45:08+00,Terendan,AttackAnythingAction,"POINT(-16274.21 6435.54)",4,4,14.56,"Toad (lvl 1)","1420"
2026-08-20 10:45:09+00,Landro,AttackAnythingAction,"POINT(82.19 -8846.19)",1,1,7.09,"Young Wolf (lvl 1)","299"
2026-08-20 10:45:09+00,Hutlu,AutoReleaseSpiritAction,"POINT(-12898.00 -6365.94)",6,11,7.00,"",""
2026-08-20 10:45:09+00,Odessa,AutoReleaseSpiritAction,"POINT(-1000.18 1999.40)",5,4,9.51,"",""
2026-08-20 10:45:10+00,Stanon,AutoReleaseSpiritAction,"POINT(340.97 -8975.92)",1,1,7.39,"",""
2026-08-20 10:45:10+00,Blanik,AutoReleaseSpiritAction,"POINT(-915.08 2480.47)",9,8,8.83,"",""
2026-08-20 10:45:10+00,Alexane,AcceptInvitationAction,"POINT(883.38 -4882.66)",10,1,8.53,"Felsa","2"
2026-08-20 10:45:10+00,Rian,AutoReleaseSpiritAction,"POINT(-397.88 -5621.75)",10,2,11.55,"",""
2026-08-20 10:45:10+00,Solaris,XpGainAction,"POINT(-14059.42 6161.10)",1,2,9.57,"Gnarlpine Gardener","60"
2026-08-20 10:45:11+00,Helse,AutoReleaseSpiritAction,"POINT(-8948.33 -2253.52)",9,1,10.33,"",""
2026-08-20 10:45:11+00,Senotho,AutoSetTalentsAction,"POINT(-8621.27 -2841.73)",2,1,8.00,"1464","24404"
2026-08-20 10:45:11+00,Tharalt,BGJoinAction,"POINT(-72.04 -9469.34)",1,3,12.00,"","4"
2026-08-20 10:45:12+00,Tallian,AutoSetTalentsAction,"POINT(-610.51 2236.14)",9,9,10.00,"4048","52151"
2026-08-20 10:45:12+00,Landro,AttackAnythingAction,"POINT(82.19 -8846.19)",1,1,7.09,"Timber Wolf (lvl 2)","69"
2026-08-20 10:45:12+00,Bomkeezz,BGJoinAction,"POINT(850.43 -5014.00)",7,8,12.22,"WSG","2"
2026-08-20 10:45:12+00,Wanma,XpGainAction,"POINT(-13327.97 -5855.19)",6,7,8.74,"","45"
2026-08-20 10:45:13+00,Nonlos,BGJoinAction,"POINT(-328.11 -6287.61)",3,4,14.09,"WSG","2"
2026-08-20 10:45:13+00,Sericanna,BGJoinAction,"POINT(-341.29 -8423.00)",4,11,13.00,"","4"
2026-08-20 10:45:13+00,Benic,AutoSetTalentsAction,"POINT(2560.00 3171.73)",10,8,3.00,"53661","56424"
2026-08-20 10:45:13+00,Landeon,AutoSetTalentsAction,"POINT(115.92 -8900.41)",10,1,5.00,"23271","43364"
2026-08-20 10:45:13+00,Minkeck,AutoSetTalentsAction,"POINT(-388.94 -6105.44)",7,8,3.00,"15319","43589"
2026-08-20 10:45:13+00,Rederek,AutoSetTalentsAction,"POINT(3655.89 1978.47)",10,2,5.00,"2252","37549"
2026-08-20 10:45:13+00,Thylileath,ReviveFromSpiritHealerAction,"POINT(-14615.62 6021.25)",4,1,8.31,"",""
2026-08-20 10:45:13+00,Gizkiameh,AttackAnythingAction,"POINT(-9567.73 -4268.83)",8,3,8.41,"Scorpid Worker (lvl 3)","3124"
2026-08-20 10:45:14+00,Jisaem,AutoSetTalentsAction,"POINT(-14639.88 7174.10)",4,3,8.00,"4831","54604"
2026-08-20 10:45:14+00,Rhycanna,AutoSetTalentsAction,"POINT(-14454.24 6767.80)",4,4,5.00,"89142","138235"
2026-08-20 10:45:14+00,Gerie,AutoSetTalentsAction,"POINT(-1677.45 1676.35)",5,5,4.00,"12237","37221"
2026-08-20 10:45:14+00,Fararian,BGJoinAction,"POINT(-14536.77 6816.50)",4,4,10.19,"AB","3"
2026-08-20 10:45:14+00,Arvenaron,BGJoinAction,"POINT(-765.50 -8863.12)",1,9,10.71,"AB","3"
2026-08-20 10:45:14+00,Pagosta,AcceptInvitationAction,"POINT(-13624.14 -4724.51)",6,1,8.50,"Nungwagoe","3"
2026-08-20 10:45:14+00,Atheriela,GuildLeaveAction,"POINT(-221.76 1780.11)",5,9,7.56,"Grammaton Collective","55"
2026-08-20 10:45:14+00,Zahjigian,AttackAnythingAction,"POINT(-9552.12 -4343.89)",8,8,9.73,"Scorpid Worker (lvl 3)","3124"
2026-08-20 10:45:14+00,Keisu,XpGainAction,"POINT(-775.81 -6373.28)",3,3,8.40,"Frostmane Troll Whelp","56"
2026-08-20 10:45:14+00,Fernon,AttackAnythingAction,"POINT(-9257.79 -3893.40)",9,9,8.45,"Vile Familiar (lvl 4)","3101"
2026-08-20 10:45:15+00,Damianuel,ReviveFromSpiritHealerAction,"POINT(-8685.00 -4458.00)",9,3,7.33,"",""
2026-08-20 10:45:15+00,Elaenas,ReviveFromSpiritHealerAction,"POINT(-14615.62 6021.25)",4,3,8.54,"",""
2026-08-20 10:45:15+00,Lylalias,AutoSetTalentsAction,"POINT(-14688.88 4879.10)",4,3,3.00,"64470","68288"
2026-08-20 10:45:15+00,Tibal,AutoSetTalentsAction,"POINT(-6496.61 -3868.20)",9,3,4.00,"48044","86431"
2026-08-20 10:45:15+00,Rhyna,AutoSetTalentsAction,"POINT(-14483.71 6804.00)",4,4,2.00,"42583","42583"
2026-08-20 10:45:15+00,Cotka,AttackAnythingAction,"POINT(-13427.47 -6624.48)",6,11,2.00,"Plainstrider (lvl 1)","2955"
2026-08-20 10:45:16+00,Richarmin,BGJoinAction,"POINT(-13673.22 -6222.31)",9,8,10.41,"WSG","2"
2026-08-20 10:45:16+00,Gideus,BGJoinAction,"POINT(-9945.35 -4611.62)",9,8,11.50,"AB","3"
2026-08-20 10:45:16+00,Delavina,AutoSetTalentsAction,"POINT(-6483.78 -3904.62)",9,8,4.00,"44579","63121"
2026-08-20 10:45:16+00,Nerano,AutoSetTalentsAction,"POINT(194.37 -8929.72)",1,9,2.00,"52352","52352"
2026-08-20 10:45:16+00,Felaye,AutoSetTalentsAction,"POINT(119.18 -8902.13)",1,3,3.00,"41005","41005"
2026-08-20 10:45:16+00,Mordir,AutoSetTalentsAction,"POINT(-14501.46 6631.30)",4,11,3.00,"38428","38428"
2026-08-20 10:45:16+00,Ujemi,AutoSetTalentsAction,"POINT(-13131.40 -6745.03)",6,11,5.00,"185664","274009"
2026-08-20 10:45:16+00,Annarini,BGJoinAction,"POINT(-269.17 2055.88)",5,5,11.19,"WSG","2"
2026-08-20 10:45:16+00,Kalata,StoreLootAction,"POINT(77.66 -8794.22)",1,9,8.37,"Ruined Pelt","4865"
2026-08-20 10:45:16+00,Kalata,AttackAnythingAction,"POINT(77.66 -8794.22)",1,9,8.37,"Young Wolf (lvl 1)","299"
2026-08-20 10:45:17+00,Liaspar,AutoSetTalentsAction,"POINT(327.66 -9080.80)",10,5,6.00,"12792","64319"
2026-08-20 10:45:17+00,Morenzo,XpGainAction,"POINT(186.88 -9345.07)",1,2,8.17,"Mangy Wolf","84"
2026-08-20 10:45:17+00,Zolatera,ReviveFromSpiritHealerAction,"POINT(-492.03 2348.67)",5,9,10.65,"",""
2026-08-20 10:45:17+00,Takyden,AutoReleaseSpiritAction,"POINT(-301.52 -5711.71)",7,8,8.12,"",""
2026-08-20 10:45:18+00,Adoriane,AttackAnythingAction,"POINT(132.49 -8949.95)",1,2,3.26,"Timber Wolf (lvl 2)","69"
2026-08-20 10:45:18+00,Bornato,AutoSetTalentsAction,"POINT(-9397.15 -3906.98)",9,8,8.00,"1450","20924"
2026-08-20 10:45:18+00,Nilealaeth,AutoSetTalentsAction,"POINT(-14498.29 6803.40)",4,11,6.00,"57273","57273"
2026-08-20 10:45:18+00,Aralteren,AutoSetTalentsAction,"POINT(-6489.58 -3914.31)",9,8,4.00,"72502","99853"
2026-08-20 10:45:18+00,Nateri,AutoSetTalentsAction,"POINT(-69.63 -9463.11)",1,4,8.00,"11231","22872"
2026-08-20 10:45:18+00,Iwaristan,XpGainAction,"POINT(-6483.54 -3933.77)",9,9,3.66,"Whirling Whizz-Bot","72"
2026-08-20 10:45:18+00,Iristeria,QuestTravelToTaker,"POINT(-8084.83 -4935.42)",9,4,9.42,"Your Place In The World","4641"
2026-08-20 10:45:18+00,Arinerio,AttackAnythingAction,"POINT(-171.41 -9339.46)",1,2,9.40,"Forest Spider (lvl 5)","30"
2026-08-20 10:45:18+00,Bereander,AutoReleaseSpiritAction,"POINT(-9464.75 -3580.90)",9,4,9.19,"",""
2026-08-20 10:45:18+00,Hutlu,ReviveFromSpiritHealerAction,"POINT(-13327.97 -5855.19)",6,11,7.00,"",""
2026-08-20 10:45:19+00,Iristeria,AttackAnythingAction,"POINT(-8084.83 -4935.42)",9,4,9.42,"Bloodtalon Taillasher (lvl 8)","3122"
2026-08-20 10:45:19+00,Edrian,AutoSetTalentsAction,"POINT(132.49 -8949.95)",1,8,4.00,"43454","43454"
2026-08-20 10:45:19+00,Arros,AutoSetTalentsAction,"POINT(-15627.09 6277.83)",4,3,6.00,"65201","65201"
2026-08-20 10:45:19+00,Robinisto,AutoSetTalentsAction,"POINT(-9383.54 -4468.54)",9,8,6.00,"23081","55782"
2026-08-20 10:45:19+00,Iozho,AutoSetTalentsAction,"POINT(-13453.13 -6602.80)",6,11,2.00,"197335","225317"
2026-08-20 10:45:19+00,Zeliana,AutoReleaseSpiritAction,"POINT(255.73 -9408.78)",1,8,10.35,"",""
2026-08-20 10:45:20+00,Gumogg,AttackAnythingAction,"POINT(414.11 -5697.48)",3,3,9.35,"Young Black Bear (lvl 6)","1128"
2026-08-20 10:45:20+00,Ekpe,AutoSetTalentsAction,"POINT(-13362.96 -5965.60)",6,11,3.00,"117506","264818"
2026-08-20 10:45:20+00,Badeo,AutoSetTalentsAction,"POINT(247.26 -9000.04)",1,5,4.00,"38566","83432"
2026-08-20 10:45:20+00,Noreney,AutoSetTalentsAction,"POINT(115.99 -8901.42)",1,3,3.00,"50029","118584"
2026-08-20 10:45:20+00,Aralastor,AutoSetTalentsAction,"POINT(-667.49 1983.22)",5,9,10.00,"30901","129981"
2026-08-20 10:45:20+00,Metere,AutoSetTalentsAction,"POINT(-9325.04 -4194.34)",9,3,7.00,"2192","3600"
2026-08-20 10:45:20+00,Urier,AutoSetTalentsAction,"POINT(306.97 -8919.59)",10,2,7.00,"7488","56139"
2026-08-20 10:45:20+00,Illeasa,QuestTravelToObjective,"POINT(-14497.87 6778.50)",4,4,8.69,"The Woodland Protector","459"
2026-08-20 10:45:20+00,Irenia,GuildLeaveAction,"POINT(-6493.00 -3913.00)",9,4,3.17,"Grammaton Collective","54"
2026-08-20 10:45:20+00,Lorrett,XpGainAction,"POINT(585.16 -4877.24)",1,3,12.94,"Ice Claw Bear","104"
2026-08-20 10:45:20+00,Lorrett,AutoSetTalentsAction,"POINT(585.16 -4877.24)",1,3,13.00,"0","120471"
2026-08-20 10:45:20+00,Helse,ReviveFromSpiritHealerAction,"POINT(-9205.76 -2502.22)",9,1,10.33,"",""
2026-08-20 10:45:20+00,Lorrett,AutoSetTalentsAction,"POINT(585.16 -4877.24)",1,3,13.00,"0","120471"
2026-08-20 10:45:21+00,Jonaim,BGJoinAction,"POINT(592.50 -732.80)",10,3,12.28,"AB","3"
2026-08-20 10:45:21+00,Hergio,AutoSetTalentsAction,"POINT(-34.45 -9471.67)",1,5,7.00,"4890","49766"
2026-08-20 10:45:21+00,Bomazz,AutoReleaseSpiritAction,"POINT(-675.47 -6502.04)",7,4,9.64,"",""
2026-08-20 10:45:22+00,Laranka,AutoSetTalentsAction,"POINT(332.99 -9113.21)",10,3,7.00,"10243","34330"
2026-08-20 10:45:22+00,Ascea,AutoSetTalentsAction,"POINT(-159.33 -9462.79)",10,1,9.00,"35325","115583"
2026-08-20 10:45:22+00,Zogsqo,AutoSetTalentsAction,"POINT(-13730.92 -4841.27)",6,3,6.00,"20373","42952"
2026-08-20 10:45:22+00,Tughun,BGJoinAction,"POINT(-8690.02 -3873.18)",8,4,10.37,"WSG","2"
2026-08-20 10:45:22+00,Landro,AttackAnythingAction,"POINT(82.19 -8846.19)",1,1,7.09,"Young Wolf (lvl 1)","299"
2026-08-20 10:45:23+00,Nelineri,AutoSetTalentsAction,"POINT(-6497.90 -3925.68)",9,3,3.00,"61298","85106"
2026-08-20 10:45:23+00,Camari,AutoSetTalentsAction,"POINT(-9423.54 -3969.92)",9,4,8.00,"13010","73694"
2026-08-20 10:45:23+00,Elenciea,AutoSetTalentsAction,"POINT(-14639.57 4977.60)",4,3,8.00,"10042","103638"
2026-08-20 10:45:23+00,Maralea,AutoReleaseSpiritAction,"POINT(-7981.74 -4776.24)",9,3,9.16,"",""
2026-08-20 10:45:23+00,Farko,XpGainAction,"POINT(-2.41 -5025.12)",10,3,11.16,"Elder Crag Boar","42"
2026-08-20 10:45:23+00,Arisannah,AutoReleaseSpiritAction,"POINT(-14857.28 6037.49)",10,8,9.18,"",""
2026-08-20 10:45:23+00,Wanma,QuestTravelToObjective,"POINT(-13919.21 -5726.96)",6,7,8.80,"The Hunt Begins","747"
2026-08-20 10:45:23+00,Valasto,ReviveFromSpiritHealerAction,"POINT(592.50 -732.80)",10,3,9.19,"",""
2026-08-20 10:45:24+00,Artim,StoreLootAction,"POINT(-9287.45 -3880.86)",9,9,8.58,"Frayed Robe","1380"
2026-08-20 10:45:24+00,Farko,AttackAnythingAction,"POINT(-2.41 -5025.12)",10,3,11.18,"Elder Crag Boar (lvl 7)","1127"
2026-08-20 10:45:24+00,Thilaeth,AutoSetTalentsAction,"POINT(-14482.36 2753.80)",4,3,3.00,"224607","261602"
2026-08-20 10:45:24+00,Amelia,AutoSetTalentsAction,"POINT(-13327.97 -5855.19)",9,9,8.00,"10275","32532"
2026-08-20 10:45:24+00,Juhon,AutoSetTalentsAction,"POINT(-13424.42 -6617.44)",6,7,7.00,"10578","50798"
2026-08-20 10:45:24+00,Alainic,AutoSetTalentsAction,"POINT(-333.72 -9079.27)",10,3,9.00,"17588","92642"
2026-08-20 10:45:24+00,Shallynna,AttackAnythingAction,"POINT(-15271.53 6537.90)",4,3,8.90,"Webwood Silkspinner (lvl 9)","2000"
2026-08-20 10:45:24+00,Artim,EquipAction,"POINT(-9287.45 -3880.86)",9,9,8.58,"Frayed Robe","1380"
2026-08-20 10:45:25+00,Artim,AttackAnythingAction,"POINT(-9287.45 -3880.86)",9,9,8.58,"Vile Familiar (lvl 3)","3101"
2026-08-20 10:45:25+00,Everenz,BGJoinAction,"POINT(-193.08 1631.82)",5,9,10.39,"AB","3"
2026-08-20 10:45:25+00,Shannok,AttackAnythingAction,"POINT(-6468.45 -3919.54)",9,8,4.23,"Rat (lvl 1)","4075"
2026-08-20 10:45:25+00,Astondor,AutoSetTalentsAction,"POINT(-20.49 -9461.40)",10,8,8.00,"8841","53638"
2026-08-20 10:45:25+00,Enaro,AutoSetTalentsAction,"POINT(-534.07 2226.80)",5,4,8.00,"4711","65030"
2026-08-20 10:45:25+00,Bastare,BGJoinAction,"POINT(333.75 -9549.76)",3,2,11.65,"AB","3"
2026-08-20 10:45:25+00,Rolliam,BGJoinAction,"POINT(-98.79 -8704.10)",10,3,10.00,"WSG","2"
2026-08-20 10:45:25+00,Caelo,BGJoinAction,"POINT(-15531.18 5935.72)",10,8,11.15,"WSG","2"
2026-08-20 10:45:25+00,Pittauna,AcceptInvitationAction,"POINT(-13629.36 -4731.19)",6,11,7.39,"Nungwagoe","4"
2026-08-20 10:45:26+00,Ancarles,AcceptInvitationAction,"POINT(-269.17 2055.88)",9,4,7.87,"Liori","4"
2026-08-20 10:45:26+00,Udeves,AutoSetTalentsAction,"POINT(-9479.39 -4278.37)",2,1,4.00,"5101","42081"
2026-08-20 10:45:26+00,Javias,AutoSetTalentsAction,"POINT(-3.64 -9172.46)",1,1,7.00,"10547","61503"
2026-08-20 10:45:26+00,Cherica,AutoSetTalentsAction,"POINT(-567.70 -6366.32)",1,9,7.00,"4127","31821"
2026-08-20 10:45:26+00,Finarinny,QuestTravelToObjective,"POINT(-386.73 2050.89)",5,1,9.00,"The Damned","376"
2026-08-20 10:45:26+00,Eleonora,BGJoinAction,"POINT(981.17 -18.68)",5,4,14.30,"","4"
2026-08-20 10:45:26+00,Joane,EquipAction,"POINT(-13682.51 -5528.61)",9,1,11.51,"Mining Pick","2901"
2026-08-20 10:45:26+00,Joane,AttackAnythingAction,"POINT(-13682.51 -5528.61)",9,1,11.51,"Flatland Cougar (lvl 7)","3035"
2026-08-20 10:45:26+00,Fernon,XpGainAction,"POINT(-9257.79 -3893.40)",9,9,8.46,"Vile Familiar","56"
2026-08-20 10:45:27+00,Oberolt,BGJoinAction,"POINT(517.97 -5687.98)",10,8,10.91,"WSG","2"
2026-08-20 10:45:27+00,Sadolar,AcceptInvitationAction,"POINT(-14598.74 6728.90)",4,11,5.00,"Kylathil","2"
2026-08-20 10:45:27+00,Meromas,AutoSetTalentsAction,"POINT(556.65 -863.17)",10,1,3.00,"52213","264208"
2026-08-20 10:45:27+00,Gikeys,AutoSetTalentsAction,"POINT(-334.28 -6331.19)",7,9,7.00,"4313","59280"
2026-08-20 10:45:27+00,Omaristo,ReviveFromSpiritHealerAction,"POINT(981.17 -18.68)",9,4,7.10,"",""
2026-08-20 10:45:28+00,Samary,AutoSetTalentsAction,"POINT(2558.67 3171.74)",10,5,4.00,"49161","66698"
2026-08-20 10:45:28+00,Jirae,AutoSetTalentsAction,"POINT(-14919.11 5867.18)",4,3,5.00,"24682","45472"
2026-08-20 10:45:28+00,Everenz,AutoSetTalentsAction,"POINT(-193.08 1631.82)",5,9,10.00,"26188","123953"
2026-08-20 10:45:28+00,Gahda,AutoSetTalentsAction,"POINT(-9390.80 -4086.27)",8,3,9.00,"4668","100321"
2026-08-20 10:45:28+00,Amione,AttackAnythingAction,"POINT(-16.64 -9581.39)",1,9,6.00,"Stonetusk Boar (lvl 6)","113"
2026-08-20 10:45:29+00,Zeliana,ReviveFromSpiritHealerAction,"POINT(-171.41 -9339.46)",1,8,10.35,"",""
2026-08-20 10:45:29+00,Lille,AutoSetTalentsAction,"POINT(716.47 -9541.13)",1,3,7.00,"127","120970"
2026-08-20 10:45:29+00,Aradamir,AutoSetTalentsAction,"POINT(-313.74 -9636.85)",10,3,10.00,"24158","74856"
2026-08-20 10:45:29+00,Delda,AutoSetTalentsAction,"POINT(232.43 -8862.79)",1,3,7.00,"17634","120368"
2026-08-20 10:45:29+00,Stanon,ReviveFromSpiritHealerAction,"POINT(592.50 -732.80)",1,1,7.39,"",""
2026-08-20 10:45:30+00,Cotka,AutoSetTalentsAction,"POINT(-13427.47 -6624.48)",6,11,2.00,"204245","218728"
2026-08-20 10:45:30+00,Omarco,AutoSetTalentsAction,"POINT(-6493.72 -3866.54)",9,9,3.00,"55334","55334"
2026-08-20 10:45:30+00,Fanyssa,AutoSetTalentsAction,"POINT(-14207.14 6777.80)",4,4,6.00,"83652","83652"
2026-08-20 10:45:30+00,Eveladora,AutoSetTalentsAction,"POINT(-7360.28 3014.69)",10,1,5.00,"7522","56904"
2026-08-20 10:45:30+00,Vestella,XpGainAction,"POINT(-300.74 -6507.31)",10,1,8.36,"Grik'nir the Cold","84"
2026-08-20 10:45:30+00,Bomazz,ReviveFromSpiritHealerAction,"POINT(-336.32 -6164.23)",7,4,9.64,"",""
2026-08-20 10:45:30+00,Galenic,AttackAnythingAction,"POINT(-6487.13 -3910.28)",9,8,4.00,"Haywire Battlechicken (lvl 2)","80117"
2026-08-20 10:45:30+00,Runle,XpGainAction,"POINT(-743.52 -7548.91)",3,1,12.01,"","125"
2026-08-20 10:45:31+00,Mored,AttackAnythingAction,"POINT(-14.32 -9106.22)",1,9,10.72,"Defias Cutpurse (lvl 6)","94"
2026-08-20 10:45:31+00,Hellario,AttackAnythingAction,"POINT(-6537.34 -3929.57)",9,3,2.28,"Rat (lvl 1)","4075"
2026-08-20 10:45:31+00,Zahjigian,AutoSetTalentsAction,"POINT(-9552.12 -4343.89)",8,8,9.00,"29545","136279"
2026-08-20 10:45:31+00,Aminaye,AutoSetTalentsAction,"POINT(-9566.89 -4285.40)",9,1,5.00,"41533","41533"
2026-08-20 10:45:31+00,Talanko,AutoSetTalentsAction,"POINT(-6493.00 -3913.00)",9,9,4.00,"46018","71767"
2026-08-20 10:45:31+00,Carcy,AutoSetTalentsAction,"POINT(-6564.35 -3912.51)",9,9,7.00,"684","27995"
2026-08-20 10:45:31+00,Felaye,AttackAnythingAction,"POINT(119.18 -8902.13)",1,3,3.00,"Young Wolf (lvl 1)","299"
2026-08-20 10:45:31+00,Aralastor,AttackAnythingAction,"POINT(-667.49 1983.22)",5,9,10.00,"Ravaged Corpse (lvl 6)","1526"
2026-08-20 10:45:31+00,Maralea,ReviveFromSpiritHealerAction,"POINT(-8685.00 -4458.00)",9,3,9.16,"",""
2026-08-20 10:45:32+00,Kylathil,AttackAnythingAction,"POINT(-14594.90 6722.52)",4,3,7.50,"Young Thistle Boar (lvl 1)","1984"
2026-08-20 10:45:32+00,Anthan,AutoSetTalentsAction,"POINT(195.40 -8985.97)",1,9,8.00,"1515","94699"
2026-08-20 10:45:32+00,Bomkeezz,AutoSetTalentsAction,"POINT(850.43 -5014.00)",7,8,12.00,"8769","198035"
2026-08-20 10:45:32+00,Nainer,AutoSetTalentsAction,"POINT(-9308.86 -3834.25)",9,1,8.00,"10687","53213"
2026-08-20 10:45:32+00,Kentino,BGJoinAction,"POINT(-13643.68 -4712.66)",9,1,12.71,"WSG","2"
2026-08-20 10:45:32+00,Norton,BGJoinAction,"POINT(1361.89 -9541.13)",10,4,11.48,"WSG","2"
2026-08-20 10:45:32+00,Minise,XpGainAction,"POINT(325.32 -9493.04)",10,1,9.90,"Murloc","60"
2026-08-20 10:45:33+00,Gastul,AutoSetTalentsAction,"POINT(-13756.54 -6729.70)",6,11,7.00,"2877","100338"
2026-08-20 10:45:33+00,Arisannah,ReviveFromSpiritHealerAction,"POINT(-14615.62 6021.25)",10,8,9.18,"",""
2026-08-20 10:45:33+00,Tharalt,AttackAnythingAction,"POINT(-63.45 -9405.61)",1,3,12.00,"Young Wolf (lvl 1)","299"
2026-08-20 10:45:33+00,Chichmi,AcceptInvitationAction,"POINT(-13624.14 -4724.51)",6,1,8.15,"Nungwagoe","5"
2026-08-20 10:45:33+00,Landro,AttackAnythingAction,"POINT(80.76 -8849.62)",1,1,7.09,"Young Wolf (lvl 1)","299"
2026-08-20 10:45:33+00,Barcel,AttackAnythingAction,"POINT(-124.63 -9827.35)",10,3,10.47,"Kobold Tunneler (lvl 5)","475"
2026-08-20 10:45:34+00,Valasto,XpGainAction,"POINT(592.50 -732.80)",10,3,9.20,"","100"
2026-08-20 10:45:34+00,Eliano,AutoSetTalentsAction,"POINT(322.08 -9131.57)",10,2,9.00,"4302","73949"
2026-08-20 10:45:34+00,Shalleesa,AutoSetTalentsAction,"POINT(-13445.52 -6598.68)",6,11,4.00,"20648","76107"
2026-08-20 10:45:34+00,Tzarusmen,AutoSetTalentsAction,"POINT(-10191.32 -4761.40)",8,4,6.00,"26529","92832"
2026-08-20 10:45:34+00,Astinek,AutoSetTalentsAction,"POINT(5.53 -9466.97)",1,3,7.00,"25545","107811"
2026-08-20 10:45:34+00,Ungar,AutoSetTalentsAction,"POINT(937.22 -5753.40)",3,2,11.00,"16614","85383"
2026-08-20 10:45:34+00,Zalea,AutoReleaseSpiritAction,"POINT(397.33 -9053.60)",1,8,7.40,"",""
2026-08-20 10:45:34+00,Paramir,AttackAnythingAction,"POINT(-6470.08 -3913.54)",9,4,3.38,"Whirling Whizz-Bot (lvl 1)","80112"
2026-08-20 10:45:34+00,Thylileath,AttackAnythingAction,"POINT(-14017.06 5988.75)",4,1,8.31,"Webwood Lurker (lvl 6)","1998"
2026-08-20 10:45:35+00,Lowene,AutoSetTalentsAction,"POINT(-9355.06 -4166.31)",9,8,7.00,"4526","76300"
2026-08-20 10:45:35+00,Shathea,AutoSetTalentsAction,"POINT(-14976.63 6448.00)",4,11,7.00,"5751","95772"
2026-08-20 10:45:35+00,Aralco,AutoSetTalentsAction,"POINT(-275.76 -9464.92)",10,2,9.00,"62","20744"
2026-08-20 10:45:35+00,Finny,BGJoinAction,"POINT(-13452.14 -5518.96)",9,1,12.88,"WSG","2"
2026-08-20 10:45:36+00,Gideus,BGJoinAction,"POINT(-9945.35 -4611.62)",9,8,11.50,"AB","3"
2026-08-20 10:45:36+00,Relle,AutoSetTalentsAction,"POINT(203.41 -8918.36)",1,1,4.00,"50802","53884"
2026-08-20 10:45:36+00,Cesehpo,AutoSetTalentsAction,"POINT(-13446.61 -6600.55)",6,11,4.00,"62766","62766"
2026-08-20 10:45:36+00,Teriond,AutoSetTalentsAction,"POINT(-454.44 -8661.33)",1,3,10.00,"10518","25715"
2026-08-20 10:45:36+00,Alainic,AcceptInvitationAction,"POINT(-333.72 -9079.27)",10,3,9.00,"Eliames","2"
2026-08-20 10:45:36+00,Otin,BGJoinAction,"POINT(-58.03 -9143.14)",10,5,10.54,"WSG","2"
2026-08-20 10:45:36+00,Irenia,AttackAnythingAction,"POINT(-6493.00 -3913.00)",9,4,3.17,"Rat (lvl 1)","4075"
2026-08-20 10:45:36+00,Brielanne,AttackAnythingAction,"POINT(-6498.70 -3916.41)",9,1,2.00,"Haywire Battlechicken (lvl 2)","80117"
2026-08-20 10:45:37+00,Adoriane,XpGainAction,"POINT(167.51 -8986.53)",1,2,3.32,"Timber Wolf","90"
2026-08-20 10:45:37+00,Bornato,AttackAnythingAction,"POINT(-9397.15 -3906.98)",9,8,8.00,"Scorpid Worker (lvl 3)","3124"
2026-08-20 10:45:37+00,Wanma,AutoReleaseSpiritAction,"POINT(-13918.55 -5737.82)",6,7,8.80,"",""
2026-08-20 10:45:37+00,Likloslin,AutoSetTalentsAction,"POINT(428.18 -5573.90)",7,9,8.00,"20739","48258"
2026-08-20 10:45:37+00,Omaristo,XpGainAction,"POINT(981.17 -18.68)",9,4,7.12,"","90"
2026-08-20 10:45:37+00,Nylillaeth,AcceptInvitationAction,"POINT(-14585.58 6318.26)",4,11,6.46,"Deltia","2"
2026-08-20 10:45:38+00,Hadric,XpGainAction,"POINT(1343.52 -9404.85)",1,3,8.44,"","55"
2026-08-20 10:45:38+00,Iristeria,AutoReleaseSpiritAction,"POINT(-8087.40 -4938.58)",9,4,9.42,"",""
2026-08-20 10:45:38+00,Callie,AcceptInvitationAction,"POINT(575.18 -812.10)",10,8,2.00,"Ramy","2"
2026-08-20 10:45:38+00,Salentina,AutoSetTalentsAction,"POINT(2435.20 3178.93)",10,8,4.00,"19126","45176"
2026-08-20 10:45:38+00,Minarianna,AutoSetTalentsAction,"POINT(-8738.18 -3268.86)",9,9,9.00,"23828","112165"
2026-08-20 10:45:38+00,Vieve,AutoSetTalentsAction,"POINT(-812.95 -8806.31)",10,4,8.00,"3055","75897"
2026-08-20 10:45:38+00,Eleonora,QuestTravelToTaker,"POINT(981.17 -18.68)",5,4,14.30,"Michael Garrett","6322"
2026-08-20 10:45:38+00,Bonharo,AttackAnythingAction,"POINT(127.52 -5831.44)",10,4,7.18,"Crag Boar (lvl 5)","1125"
2026-08-20 10:45:38+00,Sterinari,AttackAnythingAction,"POINT(-8764.80 -3381.55)",9,3,8.40,"Clattering Scorpid (lvl 6)","3125"
2026-08-20 10:45:38+00,Jalso,AttackAnythingAction,"POINT(-13516.79 -6624.56)",6,11,2.00,"Plainstrider (lvl 1)","2955"
2026-08-20 10:45:39+00,Miexatih,AutoSetTalentsAction,"POINT(-9552.59 -3044.08)",8,7,8.00,"12246","45578"
2026-08-20 10:45:39+00,Sorisse,AutoSetTalentsAction,"POINT(-14379.90 6620.10)",4,3,8.00,"13581","73240"
2026-08-20 10:45:39+00,Boastiago,AttackAnythingAction,"POINT(-9444.33 -2970.47)",9,8,10.26,"Corrupted Bloodtalon Scythemaw (lvl 10)","3227"
2026-08-20 10:45:39+00,Proto,XpGainAction,"POINT(-14717.98 6409.91)",10,5,10.01,"Shadow Sprite","40"
2026-08-20 10:45:40+00,Farko,XpGainAction,"POINT(47.66 -5069.53)",10,3,11.18,"Elder Crag Boar","42"
2026-08-20 10:45:40+00,Metherena,AutoSetTalentsAction,"POINT(-6487.75 -3905.82)",9,8,4.00,"53848","88384"
2026-08-20 10:45:40+00,Willa,AutoSetTalentsAction,"POINT(-22.07 -9137.61)",10,8,7.00,"48828","60704"
2026-08-20 10:45:41+00,Gustorio,AutoSetTalentsAction,"POINT(2501.44 3212.63)",10,3,3.00,"35428","35428"
2026-08-20 10:45:41+00,Herineve,AutoSetTalentsAction,"POINT(389.81 -8912.03)",1,2,9.00,"13428","164534"
2026-08-20 10:45:41+00,Solaris,XpGainAction,"POINT(-14059.42 6161.10)",1,2,9.65,"Uruson","60"
2026-08-20 10:45:41+00,Sterinari,XpGainAction,"POINT(-9072.49 -4739.71)",9,3,8.41,"","65"
2026-08-20 10:45:42+00,Sterinari,AttackAnythingAction,"POINT(-9072.49 -4739.71)",9,3,8.50,"Kolkar Outrunner (lvl 7)","3120"
2026-08-20 10:45:42+00,Zalea,AutoSetTalentsAction,"POINT(397.33 -9053.60)",1,8,7.00,"523","110678"
2026-08-20 10:45:42+00,Barcel,XpGainAction,"POINT(-124.63 -9827.35)",10,3,10.48,"Kobold Tunneler","54"
2026-08-20 10:45:42+00,Galenic,XpGainAction,"POINT(-6485.43 -3904.72)",9,8,4.04,"Haywire Battlechicken","78"
2026-08-20 10:45:42+00,Egyael,AutoReleaseSpiritAction,"POINT(-15089.22 6558.70)",4,3,7.79,"",""
2026-08-20 10:45:42+00,Landro,AttackAnythingAction,"POINT(82.01 -8850.06)",1,1,7.09,"Young Wolf (lvl 1)","299"
2026-08-20 10:45:42+00,Kalata,StoreLootAction,"POINT(77.66 -8794.22)",1,9,8.37,"Broken Fang","7073"
2026-08-20 10:45:42+00,Yolania,AcceptInvitationAction,"POINT(-13785.13 -6721.65)",9,3,7.91,"Gastul","2"
2026-08-20 10:45:42+00,Hylora,AttackAnythingAction,"POINT(-14609.37 6561.27)",4,11,8.13,"Grell (lvl 3)","1988"
2026-08-20 10:45:42+00,Farko,AttackAnythingAction,"POINT(47.66 -5069.53)",10,3,11.20,"Elder Crag Boar (lvl 7)","1127"
2026-08-20 10:45:43+00,Kalata,AttackAnythingAction,"POINT(77.66 -8794.22)",1,9,8.37,"Young Wolf (lvl 1)","299"
2026-08-20 10:45:43+00,Olfum,AutoSetTalentsAction,"POINT(-480.39 -6380.14)",3,3,7.00,"446","12185"
2026-08-20 10:45:43+00,Nonlos,BGJoinAction,"POINT(-328.11 -6287.61)",3,4,14.09,"WSG","2"
2026-08-20 10:45:43+00,Ebovino,BGJoinAction,"POINT(926.87 -10.53)",9,8,10.69,"AB","3"
2026-08-20 10:45:44+00,Emerlos,QuestTravelToTaker,"POINT(163.85 -8976.43)",10,1,8.34,"A Threat Within","783"
2026-08-20 10:45:44+00,Dothagaba,AutoSetTalentsAction,"POINT(-13451.90 -6605.41)",6,11,2.00,"258295","272905"
2026-08-20 10:45:44+00,Haelarin,AutoSetTalentsAction,"POINT(2531.93 3176.42)",10,2,4.00,"35208","57569"
2026-08-20 10:45:44+00,Nelane,AutoSetTalentsAction,"POINT(-6466.32 -3917.82)",9,3,3.00,"50239","50239"
2026-08-20 10:45:44+00,Finarinny,XpGainAction,"POINT(-390.42 2044.97)",5,1,9.02,"Cursed Darkhound","120"
2026-08-20 10:45:44+00,Ichad,GuildAcceptAction,"POINT(-53.79 -9350.69)",1,2,8.56,"Ancients of Part Times","49"
2026-08-20 10:45:45+00,Jechushkep,AutoSetTalentsAction,"POINT(-13516.79 -6624.56)",6,11,3.00,"85226","220243"
2026-08-20 10:45:45+00,Sherrec,AutoSetTalentsAction,"POINT(101.85 -8752.36)",10,3,7.00,"19697","89480"
2026-08-20 10:45:45+00,Seriariia,AutoSetTalentsAction,"POINT(-14620.26 5014.04)",4,11,7.00,"21922","104329"
2026-08-20 10:45:45+00,Caro,AutoReleaseSpiritAction,"POINT(-8493.89 -4609.13)",9,8,12.91,"",""
2026-08-20 10:45:45+00,Pelanko,AttackAnythingAction,"POINT(-405.33 2291.82)",9,1,12.16,"Rat (lvl 1)","4075"
2026-08-20 10:45:45+00,Krizio,ReviveFromSpiritHealerAction,"POINT(592.50 -732.80)",10,3,9.06,"",""
2026-08-20 10:45:45+00,Diklittlal,ReviveFromSpiritHealerAction,"POINT(592.50 -732.80)",7,4,7.90,"",""
2026-08-20 10:45:45+00,Mored,AutoReleaseSpiritAction,"POINT(-14.32 -9106.22)",1,9,10.72,"",""
2026-08-20 10:45:45+00,Anesta,BGJoinAction,"POINT(-13576.85 -6282.21)",9,1,10.32,"","4"
2026-08-20 10:45:46+00,Cikyo,GuildLeaveAction,"POINT(-13234.82 -5845.18)",6,3,5.92,"Grammaton Collective","53"
2026-08-20 10:45:46+00,Terendan,BGJoinAction,"POINT(-16257.43 6421.44)",4,4,14.56,"AB","3"
2026-08-20 10:45:46+00,Minise,AttackAnythingAction,"POINT(298.51 -9463.31)",10,1,9.94,"Murloc (lvl 7)","285"
2026-08-20 10:45:46+00,Tharalt,BGJoinAction,"POINT(-59.46 -9369.94)",1,3,12.00,"WSG","2"
2026-08-20 10:45:47+00,Sorisse,AttackAnythingAction,"POINT(-14374.97 6619.60)",4,3,8.00,"Young Nightsaber (lvl 1)","2031"
2026-08-20 10:45:47+00,Gerani,AttackAnythingAction,"POINT(404.79 -8916.32)",1,1,9.07,"Defias Thug (lvl 3)","38"
2026-08-20 10:45:47+00,Larabella,AutoSetTalentsAction,"POINT(-1564.09 1859.71)",5,4,4.00,"41813","82837"
2026-08-20 10:45:47+00,Spenno,AutoSetTalentsAction,"POINT(-267.83 2250.66)",5,4,6.00,"14057","37600"
2026-08-20 10:45:47+00,Botakni,AutoSetTalentsAction,"POINT(-13450.18 -6607.79)",6,11,2.00,"268232","270946"
2026-08-20 10:45:47+00,Oberolt,BGJoinAction,"POINT(517.97 -5687.98)",10,8,10.91,"AB","3"
2026-08-20 10:45:47+00,Enrino,AcceptInvitationAction,"POINT(-1630.29 1847.00)",5,5,8.18,"Bevan","2"
2026-08-20 10:45:47+00,Fario,AttackAnythingAction,"POINT(-6493.00 -3913.00)",9,4,4.31,"Rat (lvl 1)","4075"
2026-08-20 10:45:48+00,Berek,AutoSetTalentsAction,"POINT(-101.49 -9473.97)",1,2,6.00,"20934","39198"
2026-08-20 10:45:48+00,Astand,AutoSetTalentsAction,"POINT(-336.32 -6164.23)",1,2,6.00,"2385","74219"
2026-08-20 10:45:48+00,Selinetta,AutoSetTalentsAction,"POINT(-141.97 -9431.85)",10,5,5.00,"54246","92930"
2026-08-20 10:45:48+00,Babellis,AutoSetTalentsAction,"POINT(2522.96 3128.28)",10,2,11.00,"442","18969"
2026-08-20 10:45:48+00,Phillis,AttackAnythingAction,"POINT(-6485.91 -3908.61)",9,4,3.78,"Whirling Whizz-Bot (lvl 1)","80112"
2026-08-20 10:45:48+00,Robinico,AttackAnythingAction,"POINT(-1493.55 1872.22)",5,8,7.36,"Ragged Scavenger (lvl 2)","1509"
2026-08-20 10:45:48+00,Teman,XpGainAction,"POINT(-13875.12 -5095.80)",9,9,10.55,"Prairie Stalker","134"
2026-08-20 10:45:48+00,Geronidas,AttackAnythingAction,"POINT(-6493.69 -3905.56)",9,8,4.24,"Whirling Whizz-Bot (lvl 1)","80112"
2026-08-20 10:45:48+00,Elleonia,AttackAnythingAction,"POINT(-6490.20 -3913.14)",9,3,3.53,"Rat (lvl 1)","4075"
2026-08-20 10:45:48+00,Caspeland,AcceptInvitationAction,"POINT(-282.04 2064.20)",9,1,9.79,"Liori","5"
2026-08-20 10:45:48+00,Elliela,AttackAnythingAction,"POINT(348.68 -9335.18)",10,4,8.34,"Mangy Wolf (lvl 6)","525"
2026-08-20 10:45:49+00,Rolliam,AutoSetTalentsAction,"POINT(-98.79 -8704.10)",10,3,10.00,"26129","80403"
2026-08-20 10:45:50+00,Gumogg,AutoReleaseSpiritAction,"POINT(408.45 -5696.35)",3,3,9.35,"",""
2026-08-20 10:45:50+00,Bastare,BGJoinAction,"POINT(320.48 -9534.07)",3,2,11.65,"WSG","2"
2026-08-20 10:45:50+00,Ardiir,AutoSetTalentsAction,"POINT(-14493.41 6800.10)",4,11,5.00,"48172","53561"
2026-08-20 10:45:50+00,Jaminah,AutoSetTalentsAction,"POINT(174.59 -8960.98)",1,8,5.00,"30650","43446"
2026-08-20 10:45:50+00,Emille,AutoSetTalentsAction,"POINT(-6485.19 -3906.13)",9,4,4.00,"60642","90274"
2026-08-20 10:45:51+00,Zari,XpGainAction,"POINT(-13934.96 6355.80)",10,4,8.19,"Gnarlpine Mystic","112"
2026-08-20 10:45:51+00,Egyael,ReviveFromSpiritHealerAction,"POINT(-14481.53 6704.80)",4,3,7.79,"",""
2026-08-20 10:45:51+00,Artim,AttackAnythingAction,"POINT(-9287.45 -3880.86)",9,9,8.58,"Vile Familiar (lvl 3)","3101"
2026-08-20 10:45:52+00,Harlean,AutoSetTalentsAction,"POINT(51.24 -9350.80)",10,4,7.00,"79452","92362"
2026-08-20 10:45:52+00,Alanu,AutoSetTalentsAction,"POINT(-13053.81 -5748.94)",9,9,8.00,"9569","57882"
2026-08-20 10:45:52+00,Farko,XpGainAction,"POINT(47.66 -5069.53)",10,3,11.21,"Elder Crag Boar","42"
2026-08-20 10:45:52+00,Altaria,BGJoinAction,"POINT(148.09 -8919.65)",1,2,10.72,"AB","3"
2026-08-20 10:45:52+00,Landro,AttackAnythingAction,"POINT(85.68 -8851.49)",1,1,7.09,"Young Wolf (lvl 1)","299"
2026-08-20 10:45:52+00,Tolkeeck,AttackAnythingAction,"POINT(-486.94 -5251.19)",7,4,9.54,"Leper Gnome (lvl 10)","1211"
2026-08-20 10:45:53+00,Soldaria,AutoSetTalentsAction,"POINT(2473.74 3190.97)",10,2,4.00,"32800","47740"
2026-08-20 10:45:53+00,Nachassuw,AutoSetTalentsAction,"POINT(-13457.39 -6609.47)",6,11,2.00,"79816","91577"
2026-08-20 10:45:53+00,Santandero,BGJoinAction,"POINT(336.78 -6013.23)",10,4,11.58,"AB","3"
2026-08-20 10:45:53+00,Proto,XpGainAction,"POINT(-14717.98 6409.91)",10,5,10.03,"Rascal Sprite","40"
2026-08-20 10:45:53+00,Caro,ReviveFromSpiritHealerAction,"POINT(-8685.00 -4458.00)",9,8,12.91,"",""
2026-08-20 10:45:54+00,Ailania,AutoSetTalentsAction,"POINT(-14482.89 6803.40)",4,5,4.00,"37014","76306"
2026-08-20 10:45:54+00,Mored,ReviveFromSpiritHealerAction,"POINT(-171.41 -9339.46)",1,9,10.72,"",""
2026-08-20 10:45:54+00,Shallynna,AutoReleaseSpiritAction,"POINT(-15268.45 6540.20)",4,3,8.90,"",""
2026-08-20 10:45:54+00,Barcel,XpGainAction,"POINT(-124.63 -9827.35)",10,3,10.54,"Kobold Tunneler","49"
2026-08-20 10:45:54+00,Laranka,XpGainAction,"POINT(329.12 -9096.79)",10,3,7.01,"Defias Thug","32"
2026-08-20 10:45:55+00,Midocutoch,AutoSetTalentsAction,"POINT(-13629.36 -4731.19)",6,11,6.00,"11617","85457"
2026-08-20 10:45:55+00,Kateranu,AutoSetTalentsAction,"POINT(2501.44 3212.63)",10,8,3.00,"40261","45310"
2026-08-20 10:45:55+00,Caro,AutoSetTalentsAction,"POINT(-8685.00 -4458.00)",9,8,12.00,"13670","96772"
2026-08-20 10:45:55+00,Krizio,AutoSetTalentsAction,"POINT(592.50 -732.80)",10,3,9.00,"280","53407"
2026-08-20 10:45:55+00,Daelar,BGJoinAction,"POINT(592.50 -732.80)",1,3,10.31,"WSG","2"
2026-08-20 10:45:55+00,Diklittlal,XpGainAction,"POINT(592.50 -732.80)",7,4,7.92,"","90"
2026-08-20 10:45:55+00,Diklittlal,AutoSetTalentsAction,"POINT(592.50 -732.80)",7,4,8.00,"0","37666"
2026-08-20 10:45:55+00,Sedris,AttackAnythingAction,"POINT(-14410.75 6995.40)",4,11,6.21,"Grellkin (lvl 3)","1989"
2026-08-20 10:45:55+00,Fario,QuestTravelToTaker,"POINT(-6456.14 -3946.30)",9,4,4.31,"Your Place In The World","4641"
2026-08-20 10:45:56+00,Ellandy,AutoSetTalentsAction,"POINT(116.76 -8898.65)",1,3,5.00,"6314","57607"
2026-08-20 10:45:56+00,Josinaris,AutoSetTalentsAction,"POINT(115.39 -8905.81)",10,1,6.00,"4170","88348"
2026-08-20 10:45:56+00,Blanik,AutoSetTalentsAction,"POINT(-308.32 2085.64)",9,8,8.00,"14324","29902"
2026-08-20 10:45:56+00,Aralastor,XpGainAction,"POINT(-671.92 2035.98)",5,9,10.01,"Ravaged Corpse","80"
2026-08-20 10:45:56+00,Elleonia,AttackAnythingAction,"POINT(-6478.75 -3925.88)",9,3,3.53,"Whirling Whizz-Bot (lvl 1)","80112"
2026-08-20 10:45:57+00,Laranka,AttackAnythingAction,"POINT(329.12 -9096.79)",10,3,7.06,"Defias Thug (lvl 4)","38"
2026-08-20 10:45:57+00,Maeri,AutoSetTalentsAction,"POINT(-14466.68 6761.30)",4,1,3.00,"33243","46819"
2026-08-20 10:45:57+00,Cokyi,AutoSetTalentsAction,"POINT(-13442.11 -6606.45)",6,7,4.00,"40215","40215"
2026-08-20 10:45:57+00,Kibo,AutoSetTalentsAction,"POINT(-163.72 -5688.67)",7,1,10.00,"342","42626"
2026-08-20 10:45:57+00,Freline,ReviveFromSpiritHealerAction,"POINT(592.50 -732.80)",10,4,9.19,"",""
2026-08-20 10:45:57+00,Gnifottley,XpGainAction,"POINT(-121.55 -5989.11)",7,9,8.11,"","35"
2026-08-20 10:45:57+00,Trum,QuestTravelToTaker,"POINT(-9571.57 -4266.76)",2,3,7.62,"Vile Familiars","792"
2026-08-20 10:45:58+00,Zenor,AutoSetTalentsAction,"POINT(-332.03 -9097.31)",10,3,8.00,"2846","100002"
2026-08-20 10:45:58+00,Kogorkece,AutoSetTalentsAction,"POINT(-13412.02 -6597.58)",6,7,5.00,"49782","49782"
2026-08-20 10:45:58+00,Narianey,AutoSetTalentsAction,"POINT(122.32 -8900.00)",1,3,3.00,"56351","56351"
2026-08-20 10:45:58+00,Trizerm,AutoSetTalentsAction,"POINT(-9566.19 -4264.07)",2,7,4.00,"88829","88829"
2026-08-20 10:45:58+00,Geraneya,AutoSetTalentsAction,"POINT(-12769.24 -6202.19)",9,8,7.00,"844","14904"
2026-08-20 10:45:58+00,Paramir,XpGainAction,"POINT(-6447.22 -3939.13)",9,4,3.43,"Whirling Whizz-Bot","72"
2026-08-20 10:45:58+00,Omaristo,XpGainAction,"POINT(-491.11 2346.89)",9,4,7.29,"","45"
2026-08-20 10:45:58+00,Barcel,StoreLootAction,"POINT(-124.63 -9827.35)",10,3,10.57,"Linen Cloth","2589"
2026-08-20 10:45:58+00,Otin,XpGainAction,"POINT(-58.03 -9143.14)",10,5,10.54,"Defias Cutpurse","54"
2026-08-20 10:45:59+00,Agatharlo,AutoSetTalentsAction,"POINT(-6468.37 -3920.32)",9,1,4.00,"39458","39458"
2026-08-20 10:45:59+00,Vincer,AutoSetTalentsAction,"POINT(114.63 -8904.34)",1,3,8.00,"78982","148897"
2026-08-20 10:45:59+00,Ceadora,AutoSetTalentsAction,"POINT(595.43 -3732.44)",10,8,9.00,"29919","83021"
2026-08-20 10:46:00+00,Alatarine,AutoSetTalentsAction,"POINT(-13327.97 -5855.19)",9,1,6.00,"21629","43245"
2026-08-20 10:46:00+00,Vomekokie,AutoSetTalentsAction,"POINT(-13440.62 -6541.98)",6,3,4.00,"38301","38301"
2026-08-20 10:46:00+00,Arua,AutoSetTalentsAction,"POINT(562.74 -5488.12)",3,2,6.00,"228","55206"
2026-08-20 10:46:00+00,Biannis,AutoSetTalentsAction,"POINT(2471.63 3208.88)",10,1,5.00,"1670","42978"
2026-08-20 10:46:00+00,Julniz,AutoSetTalentsAction,"POINT(-9461.74 -4306.35)",8,7,7.00,"13849","72791"
2026-08-20 10:46:00+00,Kagal,AutoSetTalentsAction,"POINT(-525.73 -8662.58)",3,1,10.00,"11414","69861"
2026-08-20 10:46:00+00,Terendan,AttackAnythingAction,"POINT(-16238.09 6412.07)",4,4,14.56,"Toad (lvl 1)","1420"
2026-08-20 10:46:00+00,Seriariia,BuyAction,"POINT(-14620.26 5014.04)",4,11,7.00,"Aquadynamic Fish Attractor","6533"
2026-08-20 10:46:00+00,Seriariia,BuyAction,"POINT(-14620.26 5014.04)",4,11,7.00,"Aquadynamic Fish Attractor","6533"
2026-08-20 10:46:00+00,Seriariia,BuyAction,"POINT(-14620.26 5014.04)",4,11,7.00,"Recipe: Slitherskin Mackerel","6326"
2026-08-20 10:46:00+00,Seriariia,BuyAction,"POINT(-14620.26 5014.04)",4,11,7.00,"Fishing Pole","6256"
2026-08-20 10:46:00+00,Chellan,AttackAnythingAction,"POINT(-13313.38 -6463.05)",6,3,8.09,"Plainstrider (lvl 2)","2955"
2026-08-20 10:46:01+00,Geraneya,XpGainAction,"POINT(-12769.24 -6202.19)",9,8,7.00,"Prairie Stalker","84"
2026-08-20 10:46:01+00,Phanda,AttackAnythingAction,"POINT(-8682.34 -3890.54)",9,1,8.26,"Kul Tiras Sailor (lvl 5)","3128"
2026-08-20 10:46:01+00,Sterentino,AutoSetTalentsAction,"POINT(233.53 -8809.65)",1,2,4.00,"44919","44919"
2026-08-20 10:46:01+00,Jaearenna,AutoSetTalentsAction,"POINT(-14424.07 6335.90)",4,11,6.00,"11293","40280"
2026-08-20 10:46:01+00,Domic,AutoSetTalentsAction,"POINT(575.28 -854.97)",10,8,2.00,"245142","246880"
2026-08-20 10:46:01+00,Araldorio,AutoSetTalentsAction,"POINT(874.66 -5165.52)",1,3,6.00,"625","50732"
2026-08-20 10:46:01+00,Marianca,AutoSetTalentsAction,"POINT(2829.93 3484.18)",10,8,9.00,"1005","47027"
2026-08-20 10:46:01+00,Channie,AutoSetTalentsAction,"POINT(-416.72 -9112.58)",1,9,9.00,"35086","90893"
2026-08-20 10:46:01+00,Stanon,XpGainAction,"POINT(340.97 -8975.92)",1,1,7.39,"Defias Thug","32"
2026-08-20 10:46:01+00,Farko,XpGainAction,"POINT(47.66 -5069.53)",10,3,11.23,"Snow Leopard","42"
2026-08-20 10:46:01+00,Evangi,ReviveFromSpiritHealerAction,"POINT(592.50 -732.80)",10,4,9.22,"",""
2026-08-20 10:46:01+00,Merlos,AttackAnythingAction,"POINT(-6489.29 -3914.45)",9,3,2.00,"Haywire Battlechicken (lvl 2)","80117"
2026-08-20 10:46:02+00,Hatia,AutoSetTalentsAction,"POINT(-8718.52 -2907.71)",8,3,9.00,"7601","135832"
2026-08-20 10:46:02+00,Thadris,AutoSetTalentsAction,"POINT(-14931.69 5831.35)",4,3,3.00,"73154","85740"
2026-08-20 10:46:02+00,Zolari,AutoSetTalentsAction,"POINT(1339.91 -9405.23)",10,1,10.00,"14248","103556"
2026-08-20 10:46:02+00,Melope,AutoSetTalentsAction,"POINT(64.24 -9425.21)",1,4,7.00,"3919","75143"
2026-08-20 10:46:02+00,Avosus,AutoSetTalentsAction,"POINT(243.45 -8953.83)",1,4,7.00,"3288","97614"
2026-08-20 10:46:02+00,Aralco,AttackAnythingAction,"POINT(-275.76 -9464.92)",10,2,9.00,"Defias Cutpurse (lvl 6)","94"
2026-08-20 10:46:02+00,Lorrett,AttackAnythingAction,"POINT(559.65 -4877.87)",1,3,13.00,"Frostmane Mystic (lvl 13)","63166"
2026-08-20 10:46:02+00,Midocutoch,AcceptInvitationAction,"POINT(-13629.36 -4731.19)",6,11,6.00,"Honkto","3"
2026-08-20 10:46:02+00,Bevan,AttackAnythingAction,"POINT(-1719.41 1827.60)",5,5,7.28,"Duskbat (lvl 1)","1512"
2026-08-20 10:46:03+00,Brielanne,XpGainAction,"POINT(-6448.96 -3894.39)",9,1,2.09,"Haywire Battlechicken","82"
2026-08-20 10:46:03+00,Karania,AutoSetTalentsAction,"POINT(2503.88 3204.55)",10,1,5.00,"10306","56580"
2026-08-20 10:46:03+00,Shallynna,ReviveFromSpiritHealerAction,"POINT(-15787.12 6374.30)",4,3,8.90,"",""
2026-08-20 10:46:03+00,Ebovino,SellAction,"POINT(955.13 -17.30)",9,8,10.69,"Haunch of Meat","2287"
2026-08-20 10:46:03+00,Landro,AttackAnythingAction,"POINT(85.52 -8855.18)",1,1,7.09,"Young Wolf (lvl 1)","299"
2026-08-20 10:46:03+00,Hohdu,AutoReleaseSpiritAction,"POINT(-9351.58 -3446.28)",8,3,7.09,"",""
2026-08-20 10:46:04+00,Ridon,AttackAnythingAction,"POINT(-9816.48 -3894.58)",9,8,11.10,"Dreadmaw Crocolisk (lvl 9)","3110"
2026-08-20 10:46:04+00,Twege,AcceptInvitationAction,"POINT(-389.60 -6096.00)",3,3,8.71,"Gnonklil","2"
2026-08-20 10:46:04+00,Galanda,AttackAnythingAction,"POINT(138.12 -8769.90)",10,4,6.61,"Timber Wolf (lvl 2)","69"
2026-08-20 10:46:04+00,Evenaro,AutoSetTalentsAction,"POINT(-211.93 -9716.62)",10,8,7.00,"10492","109152"
2026-08-20 10:46:04+00,Ameliana,AutoSetTalentsAction,"POINT(316.72 -9006.57)",1,3,6.00,"15077","86979"
2026-08-20 10:46:04+00,Radolar,AutoSetTalentsAction,"POINT(-14485.47 6653.10)",4,4,4.00,"7755","57812"
2026-08-20 10:46:04+00,Ascata,AutoSetTalentsAction,"POINT(-1572.32 1837.92)",5,4,5.00,"2829","40757"
2026-08-20 10:46:04+00,Avinia,AutoSetTalentsAction,"POINT(-9544.92 -4280.16)",9,3,8.00,"759","8892"
2026-08-20 10:46:04+00,Taland,XpGainAction,"POINT(-13580.54 -4735.89)",9,8,10.16,"","85"
2026-08-20 10:46:04+00,Solaris,AttackAnythingAction,"POINT(-65.21 -10008.30)",1,2,9.69,"Stonetusk Boar (lvl 5)","113"
2026-08-20 10:46:04+00,Rinerinne,AcceptInvitationAction,"POINT(-8685.00 -4458.00)",9,9,7.83,"Maralea","2"
2026-08-20 10:46:05+00,Brinevere,BGJoinAction,"POINT(-9440.81 -4264.25)",9,8,10.29,"AB","3"
2026-08-20 10:46:05+00,Stanon,StoreLootAction,"POINT(340.97 -8975.92)",1,1,7.42,"Darnassian Bleu","2070"
2026-08-20 10:46:05+00,Castallio,AutoSetTalentsAction,"POINT(-596.45 -6378.02)",10,2,10.00,"4970","38739"
2026-08-20 10:46:05+00,Amione,AutoSetTalentsAction,"POINT(-38.65 -9604.13)",1,9,6.00,"4066","58501"
2026-08-20 10:46:05+00,Mibip,AutoSetTalentsAction,"POINT(-13412.02 -6597.58)",6,3,3.00,"44937","44937"
2026-08-20 10:46:05+00,Songano,AutoSetTalentsAction,"POINT(542.01 -5565.88)",3,3,12.00,"17338","136827"
2026-08-20 10:46:05+00,Relressian,AutoSetTalentsAction,"POINT(-14698.60 5960.64)",4,11,9.00,"24899","101568"
2026-08-20 10:46:05+00,Cashan,AutoSetTalentsAction,"POINT(-1692.42 1991.22)",9,4,8.00,"587","84452"
2026-08-20 10:46:05+00,Channah,AutoSetTalentsAction,"POINT(-36.59 -9462.14)",10,3,8.00,"3922","39386"
2026-08-20 10:46:05+00,Sorisse,AttackAnythingAction,"POINT(-14337.97 6610.59)",4,3,8.00,"Young Nightsaber (lvl 1)","2031"
2026-08-20 10:46:06+00,Krizio,XpGainAction,"POINT(789.21 -5142.14)",10,3,9.01,"","65"
2026-08-20 10:46:06+00,Polenno,AttackAnythingAction,"POINT(191.99 -9002.62)",1,4,9.82,"Young Wolf (lvl 1)","299"
2026-08-20 10:46:06+00,Kalata,StoreLootAction,"POINT(77.66 -8794.22)",1,9,8.37,"Chipped Claw","7074"
2026-08-20 10:46:06+00,Odorin,AttackAnythingAction,"POINT(225.24 -8873.68)",1,8,7.37,"Young Wolf (lvl 1)","299"
2026-08-20 10:46:06+00,Caelo,BGJoinAction,"POINT(-15531.18 5935.72)",10,8,11.15,"AB","3"
2026-08-20 10:46:06+00,Zosti,AttackAnythingAction,"POINT(-13537.59 -5938.78)",2,1,9.05,"Adult Plainstrider (lvl 6)","2956"
2026-08-20 10:46:06+00,Waigma,BGJoinAction,"POINT(-9142.41 -2453.67)",8,4,12.25,"AB","3"
2026-08-20 10:46:06+00,Deleonne,AttackAnythingAction,"POINT(-6487.94 -3908.28)",9,4,4.00,"Rat (lvl 1)","4075"
2026-08-20 10:46:06+00,Kalata,AttackAnythingAction,"POINT(77.66 -8794.22)",1,9,8.37,"Timber Wolf (lvl 2)","69"
2026-08-20 10:46:07+00,Zoellie,AutoSetTalentsAction,"POINT(187.72 -8537.03)",10,5,7.00,"1730","173590"
2026-08-20 10:46:07+00,Finny,AttackAnythingAction,"POINT(-13452.14 -5518.96)",9,1,12.88,"Venture Co. Laborer (lvl 6)","2976"
2026-08-20 10:46:07+00,Minise,XpGainAction,"POINT(298.51 -9463.31)",10,1,9.95,"Murloc Streamrunner","60"
2026-08-20 10:46:07+00,Erito,AttackAnythingAction,"POINT(-6467.30 -3918.04)",9,9,3.23,"Whirling Whizz-Bot (lvl 1)","80112"
2026-08-20 10:46:07+00,Faraimo,GuildLeaveAction,"POINT(-6463.22 -3917.91)",9,8,3.00,"Grammaton Collective","52"
2026-08-20 10:46:08+00,Gastul,XpGainAction,"POINT(-13767.26 -6597.57)",6,11,7.01,"","35"
2026-08-20 10:46:08+00,Brineve,AttackAnythingAction,"POINT(-6456.57 -3947.23)",9,4,3.00,"Haywire Battlechicken (lvl 2)","80117"
2026-08-20 10:46:08+00,Plarius,AutoSetTalentsAction,"POINT(2473.01 3275.02)",10,1,4.00,"25768","48211"
2026-08-20 10:46:08+00,Sineve,AutoSetTalentsAction,"POINT(-8430.03 -4693.63)",9,4,8.00,"11063","51684"
2026-08-20 10:46:08+00,Hadas,AutoSetTalentsAction,"POINT(-14689.97 4876.26)",10,4,11.00,"12368","80898"
2026-08-20 10:46:08+00,Elos,AutoSetTalentsAction,"POINT(886.11 -16.86)",9,9,10.00,"3018","36915"
2026-08-20 10:46:08+00,Teresia,BGJoinAction,"POINT(-15617.03 6317.25)",10,5,10.00,"WSG","2"
2026-08-20 10:46:08+00,Muraimon,XpGainAction,"POINT(-13720.96 3058.31)",10,4,13.16,"","90"
2026-08-20 10:46:09+00,Geronidas,XpGainAction,"POINT(-6537.72 -3908.97)",9,8,4.27,"Whirling Whizz-Bot","52"
2026-08-20 10:46:09+00,Shalrin,QuestTravelToObjective,"POINT(-14509.68 4964.40)",4,3,8.93,"The Woodland Protector","459"
2026-08-20 10:46:09+00,Cheladoria,AutoSetTalentsAction,"POINT(127.47 -8671.76)",10,8,6.00,"8004","101405"
2026-08-20 10:46:09+00,Milaleas,AutoSetTalentsAction,"POINT(-14614.93 6124.26)",4,4,5.00,"61935","71899"
2026-08-20 10:46:09+00,Talanon,AutoSetTalentsAction,"POINT(-9269.90 -3971.11)",9,8,8.00,"558","7296"
2026-08-20 10:46:09+00,Freline,AutoSetTalentsAction,"POINT(-332.03 -9097.31)",10,4,9.00,"1626","107795"
2026-08-20 10:46:09+00,Gumogg,ReviveFromSpiritHealerAction,"POINT(-336.32 -6164.23)",3,3,9.35,"",""
2026-08-20 10:46:09+00,Hamerim,AttackAnythingAction,"POINT(-1582.87 1913.32)",5,8,8.45,"Mindless Zombie (lvl 1)","1501"
2026-08-20 10:46:09+00,Badrooawhe,XpGainAction,"POINT(-13598.38 -5252.85)",6,7,8.35,"Prairie Stalker","170"
2026-08-20 10:46:10+00,Reve,AttackAnythingAction,"POINT(282.17 -9390.15)",10,8,7.85,"Mangy Wolf (lvl 6)","525"
2026-08-20 10:46:10+00,Zenor,AttackAnythingAction,"POINT(-200.01 -9191.17)",10,3,8.00,"Defias Cutpurse (lvl 5)","94"
2026-08-20 10:46:10+00,Sterinari,XpGainAction,"POINT(-9070.00 -4720.93)",9,3,8.51,"Kolkar Outrunner","70"
2026-08-20 10:46:10+00,Deladony,AutoSetTalentsAction,"POINT(-307.67 -9104.98)",1,4,5.00,"16157","43523"
2026-08-20 10:46:10+00,Sanstra,AutoSetTalentsAction,"POINT(-14453.65 6754.70)",4,3,2.00,"41935","41935"
2026-08-20 10:46:10+00,Fernon,AutoSetTalentsAction,"POINT(-9257.79 -3893.40)",9,9,8.00,"835","14034"
2026-08-20 10:46:10+00,Arest,AutoSetTalentsAction,"POINT(273.32 -6100.46)",10,3,7.00,"7488","42697"
2026-08-20 10:46:10+00,Seriariia,EquipAction,"POINT(-14620.26 5014.04)",4,11,7.00,"Mining Pick","2901"
2026-08-20 10:46:11+00,Tristorion,AutoSetTalentsAction,"POINT(-6468.43 -3919.84)",9,9,3.00,"57945","57945"
2026-08-20 10:46:11+00,Castever,AutoSetTalentsAction,"POINT(-6491.01 -3917.19)",9,1,4.00,"39313","65267"
2026-08-20 10:46:11+00,Gascar,AutoSetTalentsAction,"POINT(-13788.42 -6617.10)",9,9,8.00,"8830","46934"
2026-08-20 10:46:11+00,Silnol,AutoSetTalentsAction,"POINT(-14868.61 5876.27)",4,1,7.00,"3572","64901"
2026-08-20 10:46:11+00,Juhon,AttackAnythingAction,"POINT(-13424.42 -6617.44)",6,7,7.00,"Plainstrider (lvl 1)","2955"
2026-08-20 10:46:11+00,Surakar,XpGainAction,"POINT(815.93 -9744.70)",10,5,10.26,"","70"
2026-08-20 10:46:12+00,Thylileath,XpGainAction,"POINT(-14017.07 5985.30)",4,1,8.33,"Webwood Lurker","112"
2026-08-20 10:46:12+00,Larineria,XpGainAction,"POINT(-13928.15 -4396.10)",9,1,11.14,"Windfury Matriarch","170"
2026-08-20 10:46:12+00,Mored,AttackAnythingAction,"POINT(-171.41 -9339.46)",1,9,10.72,"Forest Spider (lvl 5)","30"
2026-08-20 10:46:12+00,Kliflimi,AutoSetTalentsAction,"POINT(-487.59 -6459.56)",7,9,8.00,"345","67969"
2026-08-20 10:46:12+00,Elilaeth,AutoSetTalentsAction,"POINT(-14435.63 6701.30)",4,11,5.00,"72495","191758"
2026-08-20 10:46:12+00,Klylkuz,AutoSetTalentsAction,"POINT(-334.50 -6216.57)",7,8,2.00,"61626","61626"
2026-08-20 10:46:12+00,Astamara,AutoSetTalentsAction,"POINT(-15626.39 6328.70)",4,3,7.00,"6955","34443"
2026-08-20 10:46:12+00,Santandero,AutoSetTalentsAction,"POINT(362.32 -5887.36)",10,4,11.00,"3665","53097"
2026-08-20 10:46:12+00,Gineva,AutoSetTalentsAction,"POINT(1290.06 -9466.79)",1,9,10.00,"1294","112216"
2026-08-20 10:46:12+00,Teman,BGJoinAction,"POINT(-13875.12 -5095.80)",9,9,10.67,"WSG","2"
2026-08-20 10:46:12+00,Adamas,BGJoinAction,"POINT(-1677.45 1676.35)",5,4,12.14,"WSG","2"
2026-08-20 10:46:12+00,Talanko,AttackAnythingAction,"POINT(-6493.00 -3913.00)",9,9,4.00,"Haywire Battlechicken (lvl 2)","80117"
2026-08-20 10:46:13+00,Ronmo,AttackAnythingAction,"POINT(1488.44 -5610.11)",3,3,6.48,"Young Arctic Fox (lvl 7)","80252"
2026-08-20 10:46:13+00,Ilyrai,AutoSetTalentsAction,"POINT(-14615.85 6133.98)",4,5,6.00,"11750","72640"
2026-08-20 10:46:13+00,Relatia,AutoSetTalentsAction,"POINT(-14690.86 4873.25)",4,4,4.00,"42655","42655"
2026-08-20 10:46:13+00,Hohdu,ReviveFromSpiritHealerAction,"POINT(-8876.27 -3446.54)",8,3,7.09,"",""
2026-08-20 10:46:14+00,Gordren,QuestTravelToTaker,"POINT(-292.27 2064.00)",5,9,7.24,"The Mindless Ones","364"
2026-08-20 10:46:14+00,Patari,AttackAnythingAction,"POINT(132.49 -8949.95)",1,3,11.06,"Young Wolf (lvl 1)","299"
2026-08-20 10:46:14+00,Mastimon,XpGainAction,"POINT(367.23 -9451.13)",10,2,10.29,"Murloc","108"
2026-08-20 10:46:14+00,Valasto,AcceptInvitationAction,"POINT(592.50 -732.80)",10,3,9.33,"Ronatari","2"
2026-08-20 10:46:14+00,Laranka,XpGainAction,"POINT(370.79 -9076.75)",10,3,7.08,"Defias Thug","64"
2026-08-20 10:46:15+00,Averona,AutoSetTalentsAction,"POINT(-13370.25 -5941.06)",9,4,9.00,"23812","71778"
2026-08-20 10:46:15+00,Larineva,AutoSetTalentsAction,"POINT(518.92 -5680.04)",10,5,7.00,"2270","9054"
2026-08-20 10:46:15+00,Kalata,AutoSetTalentsAction,"POINT(77.66 -8794.22)",1,9,8.00,"19173","61863"
2026-08-20 10:46:15+00,Lomahn,AutoSetTalentsAction,"POINT(-8764.07 -4471.08)",8,4,9.00,"18082","71497"
2026-08-20 10:46:15+00,Polenno,AutoSetTalentsAction,"POINT(183.80 -8986.13)",1,4,9.00,"14378","50762"
2026-08-20 10:46:15+00,Joane,XpGainAction,"POINT(-13682.51 -5528.61)",9,1,11.52,"Flatland Cougar","84"
2026-08-20 10:46:15+00,Tilleri,AttackAnythingAction,"POINT(-205.74 2650.55)",9,1,8.77,"Decrepit Darkhound (lvl 5)","1547"
2026-08-20 10:46:15+00,Dinkau,AttackAnythingAction,"POINT(-13131.89 -6742.09)",6,1,8.32,"Plainstrider (lvl 2)","2955"
2026-08-20 10:46:16+00,Romtaw,AutoSetTalentsAction,"POINT(-13451.72 -6598.09)",6,1,4.00,"62444","62444"
2026-08-20 10:46:16+00,Pollie,AutoSetTalentsAction,"POINT(166.73 -8905.16)",10,3,5.00,"63164","63164"
2026-08-20 10:46:16+00,Claney,AutoSetTalentsAction,"POINT(-1640.09 1836.78)",5,9,7.00,"19482","43410"
2026-08-20 10:46:16+00,Sherrec,AttackAnythingAction,"POINT(101.85 -8752.36)",10,3,7.00,"Kobold Worker (lvl 3)","257"
2026-08-20 10:46:16+00,Aspias,BGJoinAction,"POINT(-175.41 1595.97)",5,4,11.09,"WSG","2"
2026-08-20 10:46:16+00,Diklittlal,XpGainAction,"POINT(798.89 -5826.61)",7,4,8.01,"","70"
2026-08-20 10:46:16+00,Jaearenna,AcceptInvitationAction,"POINT(-14424.07 6335.90)",4,11,6.00,"Anris","2"
2026-08-20 10:46:16+00,Ridon,AutoReleaseSpiritAction,"POINT(-9816.48 -3894.58)",9,8,11.10,"",""
2026-08-20 10:46:16+00,Rawdi,AttackAnythingAction,"POINT(-9564.70 -4263.36)",2,3,3.68,"Scorpid Worker (lvl 3)","3124"
2026-08-20 10:46:16+00,Landro,AttackAnythingAction,"POINT(86.12 -8853.15)",1,1,7.09,"Young Wolf (lvl 1)","299"
2026-08-20 10:46:17+00,Bonharo,AutoReleaseSpiritAction,"POINT(124.06 -5833.66)",10,4,7.18,"",""
2026-08-20 10:46:17+00,Molora,XpGainAction,"POINT(-290.29 -9388.39)",10,4,7.06,"Mangy Wolf","96"
2026-08-20 10:46:17+00,Amanuele,AutoSetTalentsAction,"POINT(-9515.26 -4196.54)",9,9,7.00,"16595","42235"
2026-08-20 10:46:17+00,Flikpi,AutoSetTalentsAction,"POINT(-13447.72 -6600.54)",6,11,3.00,"246917","273318"
2026-08-20 10:46:17+00,Garnel,AutoSetTalentsAction,"POINT(-14692.25 4868.59)",4,3,3.00,"232001","259457"
2026-08-20 10:46:17+00,Hamerim,AutoSetTalentsAction,"POINT(-1582.87 1913.32)",5,8,8.00,"8098","44725"
2026-08-20 10:46:17+00,Geliane,AutoSetTalentsAction,"POINT(1032.51 -9613.54)",10,5,9.00,"18209","108068"
2026-08-20 10:46:17+00,Isca,AutoSetTalentsAction,"POINT(-11146.51 -4272.60)",9,1,7.00,"2887","12850"
2026-08-20 10:46:17+00,Nylaesia,BGJoinAction,"POINT(519.79 -5602.06)",4,1,14.19,"AB","3"
2026-08-20 10:46:17+00,Sineve,XpGainAction,"POINT(-8430.03 -4693.63)",9,4,8.03,"Makrura Clacker","140"
2026-08-20 10:46:18+00,Taland,BGJoinAction,"POINT(-13580.54 -4735.89)",9,8,10.25,"AB","3"
2026-08-20 10:46:18+00,Shannok,AutoSetTalentsAction,"POINT(-6500.79 -3962.50)",9,8,4.00,"42288","42288"
2026-08-20 10:46:18+00,Arieth,AutoSetTalentsAction,"POINT(-14501.16 6801.30)",4,3,2.00,"57283","57283"
2026-08-20 10:46:18+00,Talita,AutoSetTalentsAction,"POINT(-9400.65 -3424.17)",9,4,8.00,"1341","36610"
2026-08-20 10:46:18+00,Patari,AutoSetTalentsAction,"POINT(134.53 -8952.12)",1,3,11.00,"64443","111808"
2026-08-20 10:46:18+00,Voansuthalu,AutoSetTalentsAction,"POINT(-13538.31 -5939.03)",6,7,7.00,"8616","250008"
2026-08-20 10:46:18+00,Aralastor,AttackAnythingAction,"POINT(-671.92 2035.98)",5,9,10.08,"Cursed Darkhound (lvl 8)","1548"
2026-08-20 10:46:18+00,Geronik,AttackAnythingAction,"POINT(-6487.77 -3909.02)",9,3,4.25,"Rat (lvl 1)","4075"
2026-08-20 10:46:18+00,Barcel,AttackAnythingAction,"POINT(-124.63 -9827.35)",10,3,10.57,"Kobold Miner (lvl 7)","40"
2026-08-20 10:46:18+00,Takyden,ReviveFromSpiritHealerAction,"POINT(592.50 -732.80)",7,8,8.12,"",""
2026-08-20 10:46:18+00,Odela,BGJoinAction,"POINT(14289.76 -5605.86)",10,1,11.51,"AB","3"
2026-08-20 10:46:18+00,Tristorion,AttackAnythingAction,"POINT(-6468.43 -3919.84)",9,9,3.00,"Whirling Whizz-Bot (lvl 1)","80112"
2026-08-20 10:46:19+00,Nilenella,AcceptInvitationAction,"POINT(-1565.21 1863.71)",5,4,5.29,"Gero","2"
2026-08-20 10:46:19+00,Botakni,AttackAnythingAction,"POINT(-13450.18 -6607.79)",6,11,2.00,"Plainstrider (lvl 1)","2955"
2026-08-20 10:46:19+00,Irta,AutoSetTalentsAction,"POINT(162.12 -8951.96)",1,3,4.00,"51544","63250"
2026-08-20 10:46:19+00,Ukimer,AutoSetTalentsAction,"POINT(-1382.04 1967.80)",5,9,7.00,"75933","147769"
2026-08-20 10:46:19+00,Otin,XpGainAction,"POINT(-58.03 -9143.14)",10,5,10.61,"Defias Cutpurse","48"
2026-08-20 10:46:19+00,Hestina,XpGainAction,"POINT(-8681.92 -3799.67)",9,4,9.12,"","55"
2026-08-20 10:46:19+00,Polenno,StoreLootAction,"POINT(183.18 -8982.54)",1,4,9.00,"Ruined Pelt","4865"
2026-08-20 10:46:20+00,Aralco,XpGainAction,"POINT(-280.57 -9482.39)",10,2,9.01,"Defias Cutpurse","45"
2026-08-20 10:46:20+00,Kalata,AttackAnythingAction,"POINT(77.66 -8794.22)",1,9,8.00,"Young Wolf (lvl 1)","299"
2026-08-20 10:46:20+00,Mytaliath,AutoSetTalentsAction,"POINT(-14894.86 5873.39)",4,4,4.00,"27873","63028"
2026-08-20 10:46:20+00,Keanel,AutoSetTalentsAction,"POINT(-14649.71 6209.63)",4,1,5.00,"86636","131147"
2026-08-20 10:46:20+00,Beneia,AutoSetTalentsAction,"POINT(820.96 -5071.80)",1,2,5.00,"30001","45656"
2026-08-20 10:46:20+00,Arinneri,AutoSetTalentsAction,"POINT(119.94 -8899.62)",1,8,4.00,"5278","49896"
2026-08-20 10:46:20+00,Lorrett,XpGainAction,"POINT(559.65 -4877.87)",1,3,13.01,"Frostmane Mystic","110"
2026-08-20 10:46:20+00,Ewaldorio,XpGainAction,"POINT(336.00 -9127.73)",1,8,7.13,"Defias Thug","32"
2026-08-20 10:46:20+00,Vesku,AcceptInvitationAction,"POINT(-13446.91 -6597.26)",6,11,2.00,"Nultsi","2"
2026-08-20 10:46:20+00,Illie,AttackAnythingAction,"POINT(2297.90 3495.56)",10,4,5.03,"Forest Hawkstrider (lvl 4)","61691"
2026-08-20 10:46:21+00,Adineri,XpGainAction,"POINT(-13560.72 -5365.80)",9,1,9.02,"Prairie Stalker","120"
2026-08-20 10:46:21+00,Katerianna,QuestTravelToObjective,"POINT(-8749.18 -3961.15)",9,1,11.39,"Lazy Peons","5441"
2026-08-20 10:46:21+00,Beneli,AutoSetTalentsAction,"POINT(2457.09 3206.42)",10,2,4.00,"29849","41767"
2026-08-20 10:46:21+00,Tarandel,AutoSetTalentsAction,"POINT(136.37 -8797.85)",1,2,8.00,"719","8914"
2026-08-20 10:46:21+00,Channie,AttackAnythingAction,"POINT(-337.03 -9226.44)",1,9,9.00,"Defias Ambusher (lvl 8)","583"
2026-08-20 10:46:21+00,Mavoa,BGJoinAction,"POINT(-13149.40 -6077.11)",6,1,13.62,"AB","3"
2026-08-20 10:46:21+00,Blattu,AttackAnythingAction,"POINT(-13443.57 -6604.80)",6,11,2.00,"Plainstrider (lvl 1)","2955"
2026-08-20 10:46:22+00,Lorengar,AutoSetTalentsAction,"POINT(2502.09 3204.51)",10,2,4.00,"21370","43729"
2026-08-20 10:46:22+00,Arinarissa,AutoSetTalentsAction,"POINT(-6486.00 -3908.43)",9,1,4.00,"42017","42017"
2026-08-20 10:46:22+00,Oneira,AutoSetTalentsAction,"POINT(-270.38 -6331.62)",10,8,8.00,"2074","18763"
2026-08-20 10:46:22+00,Vestella,AttackAnythingAction,"POINT(-300.74 -6507.31)",10,1,8.49,"Frostmane Troll Whelp (lvl 4)","706"
2026-08-20 10:46:22+00,Gradoc,AcceptInvitationAction,"POINT(-8763.04 -4507.42)",9,8,7.92,"Maralea","3"
2026-08-20 10:46:22+00,Jocassa,AttackAnythingAction,"POINT(2533.12 3189.11)",10,3,3.00,"Young Crimson Lynx (lvl 1)","61690"
2026-08-20 10:46:22+00,Aralastor,AttackAnythingAction,"POINT(-686.94 2025.42)",5,9,10.08,"Rotting Dead (lvl 6)","1525"
2026-08-20 10:46:23+00,Mineva,AutoSetTalentsAction,"POINT(16796.78 -5635.67)",10,5,8.00,"31631","60279"
2026-08-20 10:46:23+00,Artim,AttackAnythingAction,"POINT(-9292.23 -3888.68)",9,9,8.58,"Vile Familiar (lvl 3)","3101"
2026-08-20 10:46:23+00,Zorias,BGJoinAction,"POINT(-635.28 -8807.00)",1,9,10.55,"AB","3"
2026-08-20 10:46:23+00,Aryre,AttackAnythingAction,"POINT(-14756.39 6454.30)",4,3,9.24,"Lord Melenas (lvl 8)","2038"
2026-08-20 10:46:24+00,Landro,AttackAnythingAction,"POINT(128.48 -8856.32)",1,1,7.09,"Young Wolf (lvl 1)","299"
2026-08-20 10:46:24+00,Terenrengyl,AutoSetTalentsAction,"POINT(-14661.12 5991.21)",4,1,8.00,"10752","59733"
2026-08-20 10:46:24+00,Cariany,AutoSetTalentsAction,"POINT(-22.40 -9467.50)",1,5,7.00,"5239","97462"
2026-08-20 10:46:24+00,Aralco,AttackAnythingAction,"POINT(-280.57 -9482.39)",10,2,9.03,"Forest Spider (lvl 6)","30"
2026-08-20 10:46:24+00,Voansuthalu,AcceptInvitationAction,"POINT(-13538.31 -5939.03)",6,7,7.00,"Bernor","2"
2026-08-20 10:46:24+00,Zenor,AutoReleaseSpiritAction,"POINT(-195.92 -9191.51)",10,3,8.00,"",""
2026-08-20 10:46:24+00,Nadeleona,AttackAnythingAction,"POINT(-9119.98 -3248.23)",9,9,10.77,"Dire Mottled Boar (lvl 7)","3099"
2026-08-20 10:46:24+00,Terendan,AttackAnythingAction,"POINT(-16244.21 6416.88)",4,4,14.56,"Toad (lvl 1)","1420"
2026-08-20 10:46:25+00,Narim,AutoSetTalentsAction,"POINT(-1150.09 -8350.02)",1,3,3.00,"12565","43804"
2026-08-20 10:46:25+00,Blotunkto,AutoSetTalentsAction,"POINT(-13412.02 -6597.58)",6,7,4.00,"41498","41498"
2026-08-20 10:46:25+00,Gwetinn,AutoSetTalentsAction,"POINT(-398.20 -6093.57)",3,3,7.00,"5586","57913"
2026-08-20 10:46:25+00,Grerarm,AutoSetTalentsAction,"POINT(-9590.64 -4198.11)",2,7,8.00,"17000","115612"
2026-08-20 10:46:25+00,Joane,AttackAnythingAction,"POINT(-13682.51 -5528.61)",9,1,11.59,"Flatland Cougar (lvl 8)","3035"
2026-08-20 10:46:25+00,Maroto,BGJoinAction,"POINT(-302.40 1596.21)",5,4,12.08,"WSG","2"
2026-08-20 10:46:25+00,Twege,QuestTravelToObjective,"POINT(-389.60 -6096.00)",3,3,8.71,"A Refugee's Quandary","3361"
2026-08-20 10:46:25+00,Minise,AutoReleaseSpiritAction,"POINT(298.51 -9463.31)",10,1,9.98,"",""
2026-08-20 10:46:25+00,Ridon,ReviveFromSpiritHealerAction,"POINT(-9373.97 -4314.63)",9,8,11.10,"",""
2026-08-20 10:46:25+00,Laranka,XpGainAction,"POINT(370.79 -9076.75)",10,3,7.16,"Defias Thug","16"
2026-08-20 10:46:26+00,Celianore,BGJoinAction,"POINT(-31.89 -5996.92)",1,3,10.48,"WSG","2"
2026-08-20 10:46:26+00,Baderett,AutoSetTalentsAction,"POINT(-312.94 -9641.77)",10,5,8.00,"9736","85528"
2026-08-20 10:46:26+00,Caelo,AutoReleaseSpiritAction,"POINT(-658.50 -10007.60)",10,8,11.15,"",""
2026-08-20 10:46:27+00,Solanta,AutoSetTalentsAction,"POINT(-9313.64 -2388.79)",9,8,7.00,"14608","24641"
2026-08-20 10:46:27+00,Nadeleona,AutoSetTalentsAction,"POINT(-9119.98 -3248.23)",9,9,10.00,"17200","84946"
2026-08-20 10:46:27+00,Rosalli,AutoSetTalentsAction,"POINT(-1585.56 1856.03)",5,4,5.00,"13177","87579"
2026-08-20 10:46:27+00,Bilank,AutoSetTalentsAction,"POINT(-618.17 -7353.24)",7,4,5.00,"6489","44672"
2026-08-20 10:46:27+00,Inistorio,AutoSetTalentsAction,"POINT(-6487.27 -3907.89)",9,3,2.00,"83392","87371"
2026-08-20 10:46:27+00,Rinevane,AutoSetTalentsAction,"POINT(-9125.02 -3106.48)",9,4,8.00,"4156","11474"
2026-08-20 10:46:27+00,Keisu,AttackAnythingAction,"POINT(-775.81 -6373.28)",3,3,8.48,"Frostmane Troll Whelp (lvl 4)","706"
2026-08-20 10:46:27+00,Gascar,StoreLootAction,"POINT(-13784.67 -6616.25)",9,9,8.00,"Silverleaf","765"
2026-08-20 10:46:27+00,Badrooawhe,AttackAnythingAction,"POINT(-12921.34 -5563.88)",6,7,8.50,"Flatland Cougar (lvl 7)","3035"
2026-08-20 10:46:27+00,Oberolt,BGJoinAction,"POINT(517.97 -5687.98)",10,8,10.91,"AB","3"
2026-08-20 10:46:27+00,Waigma,AttackAnythingAction,"POINT(-9384.00 -2519.58)",8,4,12.25,"Elder Mottled Boar (lvl 8)","3100"
2026-08-20 10:46:28+00,Laur,AutoSetTalentsAction,"POINT(-6493.00 -3913.00)",9,3,4.00,"14539","57356"
2026-08-20 10:46:28+00,Eraleas,AutoSetTalentsAction,"POINT(-14435.89 6714.18)",4,11,6.00,"17311","57572"
2026-08-20 10:46:28+00,Elliela,XpGainAction,"POINT(340.41 -9338.28)",10,4,8.35,"Mangy Wolf","56"
2026-08-20 10:46:28+00,Tristorion,XpGainAction,"POINT(-6468.43 -3919.84)",9,9,3.05,"Whirling Whizz-Bot","72"
2026-08-20 10:46:29+00,Arros,AcceptInvitationAction,"POINT(-15627.09 6277.83)",4,3,6.00,"Thadris","2"
2026-08-20 10:46:29+00,Patari,AutoSetTalentsAction,"POINT(-6483.74 -3948.45)",9,1,3.00,"56701","91004"
2026-08-20 10:46:29+00,Tingwa,AutoSetTalentsAction,"POINT(-13448.06 -6603.89)",6,7,3.00,"91216","91216"
2026-08-20 10:46:29+00,Vesia,BGJoinAction,"POINT(115.87 -8900.17)",1,8,10.07,"AB","3"
2026-08-20 10:46:29+00,Vaniko,AttackAnythingAction,"POINT(-6488.06 -3909.33)",9,3,4.00,"Rat (lvl 1)","4075"
2026-08-20 10:46:29+00,Galero,BGJoinAction,"POINT(739.94 -5250.05)",10,8,10.49,"WSG","2"
2026-08-20 10:46:30+00,Napollion,AutoSetTalentsAction,"POINT(-6484.55 -3907.45)",9,9,4.00,"61152","78759"
2026-08-20 10:46:30+00,Marodo,AutoSetTalentsAction,"POINT(2475.57 3135.90)",10,1,4.00,"39267","62916"
2026-08-20 10:46:30+00,Athirgog,AutoSetTalentsAction,"POINT(16773.05 -5601.98)",3,2,9.00,"1440","61135"
2026-08-20 10:46:30+00,Hestina,XpGainAction,"POINT(-8688.33 -3791.75)",9,4,9.20,"Kul Tiras Sailor","60"
2026-08-20 10:46:30+00,Kalata,AttackAnythingAction,"POINT(77.66 -8794.22)",1,9,8.00,"Young Wolf (lvl 1)","299"
2026-08-20 10:46:30+00,Ellaelanai,BGJoinAction,"POINT(189.14 -5399.72)",4,1,13.07,"AB","3"
2026-08-20 10:46:30+00,Bevan,AttackAnythingAction,"POINT(-1612.08 1855.76)",5,5,7.28,"Mindless Zombie (lvl 1)","1501"
2026-08-20 10:46:30+00,Adinerie,AcceptInvitationAction,"POINT(-6543.51 -3931.42)",9,3,2.00,"Granor","2"
2026-08-20 10:46:30+00,Maristia,AttackAnythingAction,"POINT(2501.44 3212.63)",10,3,2.58,"Young Crimson Lynx (lvl 1)","61690"
2026-08-20 10:46:31+00,Hestina,StoreLootAction,"POINT(-8689.41 -3790.15)",9,4,9.27,"Linen Cloth","2589"
2026-08-20 10:46:31+00,Irenai,AutoSetTalentsAction,"POINT(-14537.10 6756.50)",4,11,6.00,"40573","40573"
2026-08-20 10:46:31+00,Evannie,AutoSetTalentsAction,"POINT(2462.96 3215.91)",10,3,2.00,"43828","43828"
2026-08-20 10:46:31+00,Barcel,XpGainAction,"POINT(-120.70 -9824.59)",10,3,10.57,"Kobold Miner","54"
2026-08-20 10:46:31+00,Dollu,AttackAnythingAction,"POINT(-9393.16 -3907.43)",8,7,7.07,"Scorpid Worker (lvl 3)","3124"
2026-08-20 10:46:31+00,Dinkau,StoreLootAction,"POINT(-13113.39 -6725.48)",6,1,8.32,"Cracked Egg Shells","4757"
2026-08-20 10:46:31+00,Dinkau,StoreLootAction,"POINT(-13113.39 -6725.48)",6,1,8.32,"Plucked Feather","7096"
2026-08-20 10:46:31+00,Illeasa,AttackAnythingAction,"POINT(-14521.93 7018.10)",4,4,8.69,"Grellkin (lvl 4)","1989"
2026-08-20 10:46:32+00,Serlo,AutoSetTalentsAction,"POINT(-214.87 -9185.21)",1,9,5.00,"24239","90857"
2026-08-20 10:46:32+00,Lantian,AutoSetTalentsAction,"POINT(-6471.55 -3922.51)",9,1,3.00,"43437","43437"
2026-08-20 10:46:32+00,Fumdinko,AutoSetTalentsAction,"POINT(-8911.12 -3317.27)",2,9,5.00,"49713","49713"
2026-08-20 10:46:32+00,Hailania,AutoSetTalentsAction,"POINT(-1559.62 1860.18)",5,1,5.00,"15176","47874"
2026-08-20 10:46:32+00,Galandron,AutoSetTalentsAction,"POINT(-641.85 -8420.84)",1,3,3.00,"68634","85387"
2026-08-20 10:46:32+00,Sherrec,XpGainAction,"POINT(129.60 -8745.32)",10,3,7.01,"Kobold Worker","32"
2026-08-20 10:46:32+00,Galeron,XpGainAction,"POINT(-8520.68 -2742.14)",9,9,9.32,"","55"
2026-08-20 10:46:32+00,Polenno,AttackAnythingAction,"POINT(183.18 -8982.54)",1,4,9.00,"Timber Wolf (lvl 2)","69"
2026-08-20 10:46:32+00,Tolkeeck,AutoReleaseSpiritAction,"POINT(-484.45 -5283.17)",7,4,9.54,"",""
2026-08-20 10:46:33+00,Jonatos,AutoSetTalentsAction,"POINT(-691.87 -8391.36)",1,3,2.00,"42974","42974"
2026-08-20 10:46:33+00,Larinari,AutoSetTalentsAction,"POINT(-6493.00 -3909.62)",9,9,3.00,"37128","41982"
2026-08-20 10:46:33+00,Casterenok,AutoSetTalentsAction,"POINT(2499.66 3207.07)",10,5,4.00,"29878","56066"
2026-08-20 10:46:33+00,Kerot,AutoSetTalentsAction,"POINT(-9562.32 -4262.43)",2,3,4.00,"46783","46783"
2026-08-20 10:46:33+00,Esterriner,AutoSetTalentsAction,"POINT(-1204.78 1975.21)",5,9,8.00,"14213","112535"
2026-08-20 10:46:33+00,Drango,AutoSetTalentsAction,"POINT(-10347.28 -4703.93)",9,4,7.00,"14424","57415"
2026-08-20 10:46:33+00,Bonharo,AutoSetTalentsAction,"POINT(642.67 -5770.75)",10,4,7.00,"4310","50729"
2026-08-20 10:46:33+00,Tolkeeck,ReviveFromSpiritHealerAction,"POINT(-336.32 -6164.23)",7,4,9.54,"",""
2026-08-20 10:46:33+00,Zenor,ReviveFromSpiritHealerAction,"POINT(-171.41 -9339.46)",10,3,8.00,"",""
2026-08-20 10:46:33+00,Channie,AutoReleaseSpiritAction,"POINT(-337.03 -9226.44)",1,9,9.00,"",""
2026-08-20 10:46:33+00,Reve,AutoReleaseSpiritAction,"POINT(282.17 -9390.15)",10,8,7.85,"",""
2026-08-20 10:46:33+00,Minise,ReviveFromSpiritHealerAction,"POINT(-171.41 -9339.46)",10,1,9.98,"",""
2026-08-20 10:46:34+00,Brineve,XpGainAction,"POINT(-6444.20 -3937.58)",9,4,3.06,"Haywire Battlechicken","90"
2026-08-20 10:46:34+00,Nonlos,AttackAnythingAction,"POINT(-328.11 -6287.61)",3,4,14.09,"Ragged Young Wolf (lvl 1)","705"
2026-08-20 10:46:34+00,Molaneya,AutoSetTalentsAction,"POINT(-6119.75 -3804.92)",9,9,4.00,"23223","45516"
2026-08-20 10:46:34+00,Shiabizho,AutoSetTalentsAction,"POINT(-13450.43 -6609.51)",6,7,2.00,"87093","87093"
2026-08-20 10:46:34+00,Beronatos,XpGainAction,"POINT(-699.49 -9633.79)",1,8,9.54,"","70"
2026-08-20 10:46:34+00,Erec,XpGainAction,"POINT(-8812.41 -4720.78)",9,1,8.87,"Clattering Scorpid","112"
2026-08-20 10:46:34+00,Erec,AutoSetTalentsAction,"POINT(-8812.41 -4720.78)",9,1,9.00,"0","58352"
2026-08-20 10:46:34+00,Erec,AutoSetTalentsAction,"POINT(-8812.41 -4720.78)",9,1,9.00,"0","58352"
2026-08-20 10:46:35+00,Dilley,AttackAnythingAction,"POINT(-12901.88 -6669.89)",9,4,7.07,"Battleboar (lvl 3)","2966"
2026-08-20 10:46:35+00,Feduin,AutoSetTalentsAction,"POINT(-549.43 -8963.77)",10,4,7.00,"9950","82399"
2026-08-20 10:46:35+00,Dendo,AutoSetTalentsAction,"POINT(-105.61 -9464.90)",1,8,8.00,"7015","36047"
2026-08-20 10:46:35+00,Illie,XpGainAction,"POINT(2303.13 3492.63)",10,4,5.07,"Forest Hawkstrider","112"
2026-08-20 10:46:35+00,Aryre,XpGainAction,"POINT(-14757.92 6449.77)",4,3,9.25,"Rascal Sprite","60"
2026-08-20 10:46:36+00,Balandelio,AttackAnythingAction,"POINT(-9086.46 -3551.20)",9,3,7.36,"Razormane Quilboar (lvl 7)","3111"
2026-08-20 10:46:36+00,Krizio,AcceptInvitationAction,"POINT(789.21 -5142.14)",10,3,9.09,"Felsa","3"
2026-08-20 10:46:36+00,Lavinetta,AttackAnythingAction,"POINT(371.50 -8896.38)",10,4,8.16,"Defias Thug (lvl 3)","38"
2026-08-20 10:46:36+00,Nonlos,AttackAnythingAction,"POINT(-328.11 -6287.61)",3,4,14.09,"Ragged Young Wolf (lvl 1)","705"
2026-08-20 10:46:36+00,Ronaleb,AutoSetTalentsAction,"POINT(-6500.24 -3948.48)",9,4,4.00,"35505","46944"
2026-08-20 10:46:36+00,Celiane,AutoSetTalentsAction,"POINT(-6482.70 -3912.85)",9,3,4.00,"43289","43289"
2026-08-20 10:46:36+00,Thenrie,AutoSetTalentsAction,"POINT(-29.36 -9456.81)",1,2,9.00,"19875","58793"
2026-08-20 10:46:36+00,Flandora,ReviveFromSpiritHealerAction,"POINT(592.50 -732.80)",10,1,8.69,"",""
2026-08-20 10:46:36+00,Sterentino,AttackAnythingAction,"POINT(233.53 -8809.65)",1,2,4.00,"Kobold Worker (lvl 3)","257"
2026-08-20 10:46:37+00,Ibralt,GuildLeaveAction,"POINT(-6472.73 -3922.61)",9,1,4.00,"Grammaton Collective","51"
2026-08-20 10:46:37+00,Lavie,AutoSetTalentsAction,"POINT(-1574.95 1843.91)",5,1,4.00,"41851","57991"
2026-08-20 10:46:37+00,Aristinaya,AutoSetTalentsAction,"POINT(2525.68 3269.68)",10,8,4.00,"6755","44084"
2026-08-20 10:46:37+00,Pablon,AutoSetTalentsAction,"POINT(2479.47 3193.07)",10,5,4.00,"37904","44225"
2026-08-20 10:46:37+00,Esterina,AutoSetTalentsAction,"POINT(-447.54 -5075.22)",10,4,13.00,"14150","30607"
2026-08-20 10:46:37+00,Stalorent,AttackAnythingAction,"POINT(-8297.87 -4727.09)",9,9,9.43,"Bloodtalon Taillasher (lvl 6)","3122"
2026-08-20 10:46:38+00,Teresia,BGJoinAction,"POINT(-15617.03 6317.25)",10,5,10.00,"AB","3"
2026-08-20 10:46:38+00,Jonaim,AutoSetTalentsAction,"POINT(592.50 -732.80)",10,3,12.00,"11250","67656"
2026-08-20 10:46:38+00,Damelamy,AttackAnythingAction,"POINT(275.41 -9028.56)",10,4,7.38,"Defias Thug (lvl 4)","38"
2026-08-20 10:46:38+00,Adineri,AttackAnythingAction,"POINT(-13560.72 -5365.80)",9,1,9.12,"Prairie Stalker (lvl 7)","2959"
2026-08-20 10:46:39+00,Sedris,XpGainAction,"POINT(-14470.21 6966.50)",4,11,6.22,"Grellkin","60"
2026-08-20 10:46:39+00,Zaris,AcceptInvitationAction,"POINT(197.64 -8732.69)",1,2,6.78,"Heralia","2"
2026-08-20 10:46:39+00,Bomazz,AttackAnythingAction,"POINT(-104.13 -6207.83)",7,4,9.64,"Rockjaw Raider (lvl 3)","1718"
2026-08-20 10:46:39+00,Phanda,XpGainAction,"POINT(-8720.30 -3938.39)",9,1,8.28,"Kul Tiras Sailor","84"
2026-08-20 10:46:39+00,Mored,XpGainAction,"POINT(-189.01 -9374.69)",1,9,10.73,"Forest Spider","54"
2026-08-20 10:46:39+00,Dinkau,AttackAnythingAction,"POINT(-13131.20 -6737.29)",6,1,8.32,"Plainstrider (lvl 2)","2955"
2026-08-20 10:46:39+00,Hamuel,AttackAnythingAction,"POINT(-13768.29 -6227.47)",9,1,9.94,"Wiry Swoop (lvl 7)","2969"
2026-08-20 10:46:39+00,Cariany,TalkToQuestGiverAction,"POINT(-22.40 -9467.50)",1,5,7.00,"Rest and Relaxation","2158"
2026-08-20 10:46:39+00,Cariany,EquipAction,"POINT(-22.40 -9467.50)",1,5,7.02,"Mining Pick","2901"
2026-08-20 10:46:40+00,Salestra,AutoSetTalentsAction,"POINT(105.20 -8743.37)",1,9,5.00,"691","37961"
2026-08-20 10:46:40+00,Weollua,AutoSetTalentsAction,"POINT(-13327.97 -5855.19)",6,11,6.00,"37537","52071"
2026-08-20 10:46:40+00,Avenz,AutoSetTalentsAction,"POINT(2501.88 3200.57)",10,4,4.00,"38898","71866"
2026-08-20 10:46:40+00,Keisu,AutoSetTalentsAction,"POINT(-765.84 -6387.43)",3,3,8.00,"2055","32420"
2026-08-20 10:46:40+00,Fetu,AttackAnythingAction,"POINT(-9480.94 -4163.67)",2,1,8.55,"Scorpid Worker (lvl 3)","3124"
2026-08-20 10:46:40+00,Kateflak,AttackAnythingAction,"POINT(-319.01 -6229.29)",7,9,7.44,"Ragged Young Wolf (lvl 1)","705"
2026-08-20 10:46:41+00,Kerine,XpGainAction,"POINT(845.35 -9014.86)",10,5,9.01,"","70"
2026-08-20 10:46:41+00,Heletta,AutoSetTalentsAction,"POINT(2501.44 3212.63)",10,3,4.00,"60264","69515"
2026-08-20 10:46:41+00,Arinneri,AutoSetTalentsAction,"POINT(2532.43 3201.28)",10,1,4.00,"15953","55789"
2026-08-20 10:46:41+00,Aminia,AutoSetTalentsAction,"POINT(-1198.54 -10618.90)",10,4,11.00,"21587","78719"
2026-08-20 10:46:41+00,Veresto,AutoSetTalentsAction,"POINT(-258.12 -9281.14)",10,5,8.00,"5554","31023"
2026-08-20 10:46:41+00,Landro,AttackAnythingAction,"POINT(130.14 -8852.27)",1,1,7.09,"Timber Wolf (lvl 2)","69"
2026-08-20 10:46:41+00,Aryre,AttackAnythingAction,"POINT(-14760.12 6476.95)",4,3,9.31,"Rascal Sprite (lvl 5)","2002"
2026-08-20 10:46:42+00,Enaro,AttackAnythingAction,"POINT(-534.07 2226.80)",5,4,8.00,"Tirisfal Plagued Bear (lvl 8)","80466"
2026-08-20 10:46:42+00,Molora,XpGainAction,"POINT(-290.29 -9388.39)",10,4,7.19,"Forest Spider","64"
2026-08-20 10:46:42+00,Tilleri,XpGainAction,"POINT(-205.53 2650.75)",9,1,8.79,"Decrepit Darkhound","84"
2026-08-20 10:46:42+00,Tzenor,AutoSetTalentsAction,"POINT(-8959.86 -3460.93)",8,3,8.00,"29142","148426"
2026-08-20 10:46:42+00,Stelleney,AutoSetTalentsAction,"POINT(-13147.40 -6223.56)",9,3,8.00,"712","59370"
2026-08-20 10:46:42+00,Channie,ReviveFromSpiritHealerAction,"POINT(-171.41 -9339.46)",1,9,9.00,"",""
2026-08-20 10:46:43+00,Gerasimond,AttackAnythingAction,"POINT(-6493.00 -3913.00)",9,4,4.22,"Haywire Battlechicken (lvl 2)","80117"
2026-08-20 10:46:43+00,Larineva,XpGainAction,"POINT(505.34 -5665.43)",10,5,7.01,"","45"
2026-08-20 10:46:43+00,Polenno,AttackAnythingAction,"POINT(213.23 -8979.82)",1,4,9.00,"Young Wolf (lvl 1)","299"
2026-08-20 10:46:43+00,Livuben,AutoSetTalentsAction,"POINT(-13412.02 -6597.58)",6,1,2.00,"43476","43476"
2026-08-20 10:46:43+00,Brargig,AutoSetTalentsAction,"POINT(326.20 -5449.13)",3,1,9.00,"41882","90330"
2026-08-20 10:46:43+00,Aralastor,XpGainAction,"POINT(-686.94 2025.42)",5,9,10.08,"Rotting Dead","40"
2026-08-20 10:46:43+00,Castever,QuestTravelToTaker,"POINT(-6491.01 -3917.19)",9,1,4.00,"Your Place In The World","4641"
2026-08-20 10:46:43+00,Deandorion,AttackAnythingAction,"POINT(-217.36 -9879.33)",10,3,8.26,"Kobold Tunneler (lvl 5)","475"
2026-08-20 10:46:44+00,Lival,AttackAnythingAction,"POINT(-15541.85 6016.41)",10,3,7.14,"Strigid Screecher (lvl 8)","1996"
2026-08-20 10:46:44+00,Asteren,QuestTravelToObjective,"POINT(-147.83 -9190.06)",1,3,9.01,"Brotherhood of Thieves","18"
2026-08-20 10:46:45+00,Ridon,AutoReleaseSpiritAction,"POINT(-9817.72 -3892.22)",9,8,11.10,"",""
2026-08-20 10:46:45+00,Talais,AttackAnythingAction,"POINT(-14347.48 6650.70)",4,4,5.14,"Young Nightsaber (lvl 1)","2031"
2026-08-20 10:46:45+00,Delda,TrainerAction,"POINT(231.79 -8865.92)",1,3,7.00,"Track Beasts","1547"
2026-08-20 10:46:45+00,Delda,TrainerAction,"POINT(231.79 -8865.92)",1,3,7.00,"Serpent Sting","2003"
2026-08-20 10:46:45+00,Delda,TrainerAction,"POINT(231.79 -8865.92)",1,3,7.00,"Arcane Shot","3048"
2026-08-20 10:46:45+00,Delda,TrainerAction,"POINT(231.79 -8865.92)",1,3,7.00,"Hunter's Mark","5298"
2026-08-20 10:46:45+00,Delda,TrainerAction,"POINT(231.79 -8865.92)",1,3,7.00,"Aspect of the Monkey","13164"
2026-08-20 10:46:46+00,Aralco,XpGainAction,"POINT(-293.85 -9537.17)",10,2,9.04,"Forest Spider","45"
2026-08-20 10:46:46+00,Grikolvon,AutoSetTalentsAction,"POINT(-267.95 2057.23)",2,3,9.00,"23171","60880"
2026-08-20 10:46:46+00,Marylla,AutoSetTalentsAction,"POINT(107.52 -9196.36)",10,2,7.00,"1360","19595"
2026-08-20 10:46:46+00,Sterinari,AutoReleaseSpiritAction,"POINT(-9049.86 -4694.41)",9,3,8.56,"",""
2026-08-20 10:46:46+00,Flandora,XpGainAction,"POINT(592.50 -732.80)",10,1,8.70,"","90"
2026-08-20 10:46:46+00,Telalomon,AutoReleaseSpiritAction,"POINT(-14134.45 5984.92)",4,5,7.00,"",""
2026-08-20 10:46:47+00,Astorick,AttackAnythingAction,"POINT(-11958.28 -3707.60)",9,4,14.73,"Kolkar Stormer (lvl 13)","3273"
2026-08-20 10:46:47+00,Loriancy,QuestTravelToTaker,"POINT(277.19 -8986.21)",1,3,9.11,"Further Concerns","35"
2026-08-20 10:46:47+00,Vladimir,AcceptInvitationAction,"POINT(-14691.42 4869.84)",10,1,9.41,"Ullenai","2"
2026-08-20 10:46:47+00,Edris,AcceptQuestAction,"POINT(-14639.09 6208.29)",4,3,6.60,"A Troubling Breeze","475"
2026-08-20 10:46:47+00,Wanma,ReviveFromSpiritHealerAction,"POINT(-13516.79 -6624.56)",6,7,8.80,"",""
2026-08-20 10:46:48+00,Odessa,AutoSetTalentsAction,"POINT(1.76 1774.76)",5,4,9.00,"14337","105835"
2026-08-20 10:46:48+00,Ereran,AutoSetTalentsAction,"POINT(-15515.39 5981.37)",4,3,7.00,"2142","157682"
2026-08-20 10:46:48+00,Sarii,AutoSetTalentsAction,"POINT(-14437.24 6842.70)",4,4,5.00,"67505","67505"
2026-08-20 10:46:48+00,Moske,AutoSetTalentsAction,"POINT(-13634.00 -4737.11)",6,1,6.00,"85143","123631"
2026-08-20 10:46:48+00,Phanda,AutoSetTalentsAction,"POINT(-8720.30 -3938.39)",9,1,8.00,"12158","30213"
2026-08-20 10:46:48+00,Polenno,AttackAnythingAction,"POINT(213.23 -8979.82)",1,4,9.00,"Young Wolf (lvl 1)","299"
2026-08-20 10:46:48+00,Walliam,StoreLootAction,"POINT(738.09 1760.11)",5,5,7.76,"Earthroot","2449"
2026-08-20 10:46:48+00,Beronatos,XpGainAction,"POINT(1244.62 -5442.28)",1,8,9.63,"","65"
2026-08-20 10:46:48+00,Chelenie,AttackAnythingAction,"POINT(-180.17 -9717.21)",1,3,8.09,"Kobold Tunneler (lvl 6)","475"
2026-08-20 10:46:48+00,Waigma,XpGainAction,"POINT(-9352.63 -2499.19)",8,4,12.26,"Elder Mottled Boar","104"
2026-08-20 10:46:48+00,Rawdi,AttackAnythingAction,"POINT(-9403.82 -4208.52)",2,3,3.68,"Mottled Boar (lvl 2)","3098"
2026-08-20 10:46:48+00,Shannok,AttackAnythingAction,"POINT(-6485.48 -3924.65)",9,8,4.00,"Rat (lvl 1)","4075"
2026-08-20 10:46:49+00,Sadonna,AttackAnythingAction,"POINT(-387.70 -9691.12)",10,2,8.77,"Mangy Wolf (lvl 6)","525"
2026-08-20 10:46:49+00,Silvetta,AttackAnythingAction,"POINT(-13758.40 -4260.64)",9,4,11.20,"Windfury Matriarch (lvl 10)","2965"
2026-08-20 10:46:49+00,Ryldor,AutoSetTalentsAction,"POINT(-14760.66 6195.40)",4,11,6.00,"48661","48661"
2026-08-20 10:46:49+00,Kalennon,AutoSetTalentsAction,"POINT(-796.37 -8823.66)",10,8,6.00,"7749","63153"
2026-08-20 10:46:49+00,Talate,AutoSetTalentsAction,"POINT(170.01 -9106.12)",1,4,10.00,"10258","46465"
2026-08-20 10:46:49+00,Avinia,AttackAnythingAction,"POINT(-9544.92 -4280.16)",9,3,8.00,"Scorpid Worker (lvl 3)","3124"
2026-08-20 10:46:49+00,Hutlu,AutoReleaseSpiritAction,"POINT(-12898.00 -6365.94)",6,11,7.00,"",""
2026-08-20 10:46:49+00,Vestella,XpGainAction,"POINT(-346.40 -6512.61)",10,1,8.50,"Frostmane Troll Whelp","56"
2026-08-20 10:46:49+00,Selysea,XpGainAction,"POINT(-14972.78 6415.36)",4,4,8.83,"Nightsaber","56"
2026-08-20 10:46:50+00,Estos,AutoSetTalentsAction,"POINT(-1637.36 1842.74)",5,8,3.00,"22650","43138"
2026-08-20 10:46:50+00,Similion,AutoSetTalentsAction,"POINT(347.01 -5668.30)",1,3,6.00,"55876","55876"
2026-08-20 10:46:50+00,Fyleallaes,AutoSetTalentsAction,"POINT(-16177.43 6347.00)",4,3,7.00,"42529","57481"
2026-08-20 10:46:50+00,Emerolo,AutoSetTalentsAction,"POINT(-9232.51 -3984.94)",9,1,7.00,"5058","69501"
2026-08-20 10:46:50+00,Bevan,AttackAnythingAction,"POINT(-1620.35 1882.68)",5,5,7.28,"Mindless Zombie (lvl 1)","1501"
2026-08-20 10:46:50+00,Eraleas,AcceptInvitationAction,"POINT(-14435.89 6714.18)",4,11,6.00,"Sorisse","2"
2026-08-20 10:46:50+00,Mavoa,BGJoinAction,"POINT(-12949.89 -6081.54)",6,1,13.62,"WSG","2"
2026-08-20 10:46:50+00,Surakar,XpGainAction,"POINT(815.93 -9744.70)",10,5,10.34,"Defias Bandit","67"
2026-08-20 10:46:50+00,Terendan,BGJoinAction,"POINT(-16279.80 6486.58)",4,4,14.56,"WSG","2"
2026-08-20 10:46:51+00,Gideus,BGJoinAction,"POINT(-9945.35 -4611.62)",9,8,11.50,"AB","3"
2026-08-20 10:46:51+00,Lotiano,AutoSetTalentsAction,"POINT(204.73 -8707.05)",10,4,5.00,"13995","41180"
2026-08-20 10:46:51+00,Ayrnea,AttackAnythingAction,"POINT(-14465.28 6936.40)",4,3,6.00,"Mangy Nightsaber (lvl 2)","2032"
2026-08-20 10:46:52+00,Gastul,AcceptQuestAction,"POINT(-13744.82 -6645.66)",6,11,7.07,"From Stomach to Heart","40535"
2026-08-20 10:46:52+00,Illira,AutoSetTalentsAction,"POINT(-14625.86 6188.62)",4,1,6.00,"38792","38792"
2026-08-20 10:46:52+00,Maristia,AutoSetTalentsAction,"POINT(2492.94 3133.04)",10,3,2.00,"61374","61374"
2026-08-20 10:46:52+00,Fetu,AutoSetTalentsAction,"POINT(-9480.94 -4163.67)",2,1,8.00,"3105","38205"
2026-08-20 10:46:52+00,Janessia,AutoSetTalentsAction,"POINT(-847.20 -8745.87)",10,4,9.00,"785","62187"
2026-08-20 10:46:52+00,Vestella,AutoSetTalentsAction,"POINT(-346.40 -6512.61)",10,1,8.00,"6087","22290"
2026-08-20 10:46:52+00,Altaria,BGJoinAction,"POINT(148.09 -8919.65)",1,2,10.72,"WSG","2"
2026-08-20 10:46:53+00,Arano,AttackAnythingAction,"POINT(-180.39 2215.30)",9,9,9.23,"Decrepit Darkhound (lvl 6)","1547"
2026-08-20 10:46:53+00,Artim,AttackAnythingAction,"POINT(-9280.52 -3866.85)",9,9,8.58,"Felstalker (lvl 3)","3102"
2026-08-20 10:46:53+00,Merrec,AutoSetTalentsAction,"POINT(-6478.04 -3967.96)",9,1,4.00,"46857","46857"
2026-08-20 10:46:53+00,Talais,XpGainAction,"POINT(-14331.65 6667.92)",4,4,5.15,"Young Nightsaber","28"
2026-08-20 10:46:53+00,Katerianna,BGJoinAction,"POINT(-8749.18 -3961.15)",9,1,11.39,"WSG","2"
2026-08-20 10:46:54+00,Aryre,XpGainAction,"POINT(-14758.78 6473.65)",4,3,9.32,"Rascal Sprite","30"
2026-08-20 10:46:54+00,Ronmo,AutoReleaseSpiritAction,"POINT(1489.79 -5614.91)",3,3,6.48,"",""
2026-08-20 10:46:54+00,Nilealaeth,BuyAction,"POINT(-14485.44 6807.08)",4,11,6.00,"Cracked Leather Pants","2126"
2026-08-20 10:46:54+00,Nilealaeth,EquipAction,"POINT(-14485.44 6807.08)",4,11,6.00,"Cracked Leather Pants","2126"
2026-08-20 10:46:54+00,Nilealaeth,EquipAction,"POINT(-14485.44 6807.08)",4,11,6.00,"Sharpened Letter Opener","2138"
2026-08-20 10:46:54+00,Ivanden,AutoSetTalentsAction,"POINT(87.65 -8931.52)",1,2,3.00,"24690","44888"
2026-08-20 10:46:54+00,Jocasta,AutoSetTalentsAction,"POINT(132.49 -8949.95)",1,1,7.00,"2339","18498"
2026-08-20 10:46:54+00,Ridon,ReviveFromSpiritHealerAction,"POINT(-9373.97 -4314.63)",9,8,11.10,"",""
2026-08-20 10:46:54+00,Kalata,AttackAnythingAction,"POINT(77.66 -8794.22)",1,9,8.00,"Young Wolf (lvl 1)","299"
2026-08-20 10:46:55+00,Farko,AttackAnythingAction,"POINT(120.08 -5044.07)",10,3,11.25,"Elder Crag Boar (lvl 7)","1127"
2026-08-20 10:46:55+00,Astorick,XpGainAction,"POINT(-11919.16 -3683.73)",9,4,14.74,"","90"
2026-08-20 10:46:55+00,Sterinari,ReviveFromSpiritHealerAction,"POINT(-8685.00 -4458.00)",9,3,8.56,"",""
2026-08-20 10:46:55+00,Stanon,QuestTravelToTaker,"POINT(340.97 -8975.92)",1,1,7.42,"Investigate Echo Ridge","15"
2026-08-20 10:46:55+00,Galeron,AttackAnythingAction,"POINT(-8520.68 -2742.14)",9,9,9.39,"Makrura Elder (lvl 8)","3141"
2026-08-20 10:46:55+00,Soho,QuestTravelToObjective,"POINT(-10018.36 -4693.66)",2,7,12.50,"Sting of the Scorpid","789"
2026-08-20 10:46:56+00,Steralda,AutoSetTalentsAction,"POINT(2501.44 3212.63)",10,3,3.00,"84431","89771"
2026-08-20 10:46:56+00,Nunza,AutoSetTalentsAction,"POINT(-8628.31 -2782.74)",8,4,5.00,"35219","57260"
2026-08-20 10:46:56+00,Asteren,AttackAnythingAction,"POINT(16.31 -9190.10)",1,3,9.01,"Young Wolf (lvl 1)","299"
2026-08-20 10:46:56+00,Polenno,StoreLootAction,"POINT(220.48 -8969.58)",1,4,9.00,"Ruined Pelt","4865"
2026-08-20 10:46:56+00,Polenno,StoreLootAction,"POINT(220.48 -8969.58)",1,4,9.00,"Broken Fang","7073"
2026-08-20 10:46:56+00,Polenno,StoreLootAction,"POINT(220.48 -8969.58)",1,4,9.00,"Chipped Claw","7074"
2026-08-20 10:46:56+00,Sterentino,XpGainAction,"POINT(269.53 -8767.25)",1,2,4.05,"Kobold Worker","104"
2026-08-20 10:46:57+00,Kaidan,AutoSetTalentsAction,"POINT(-1494.91 1867.12)",5,4,8.00,"19488","95776"
2026-08-20 10:46:57+00,Eryssia,AutoSetTalentsAction,"POINT(-14503.56 6624.42)",4,1,3.00,"12701","38363"
2026-08-20 10:46:57+00,Gabrin,AutoSetTalentsAction,"POINT(-249.79 2268.27)",5,8,7.00,"7036","49160"
2026-08-20 10:46:57+00,Dilley,XpGainAction,"POINT(-12901.88 -6669.89)",9,4,7.08,"Battleboar","32"
2026-08-20 10:46:57+00,Telalomon,ReviveFromSpiritHealerAction,"POINT(-14615.62 6021.25)",4,5,7.00,"",""
2026-08-20 10:46:57+00,Shannok,AttackAnythingAction,"POINT(-6508.87 -3917.66)",9,8,4.00,"Roach (lvl 1)","4076"
2026-08-20 10:46:58+00,Deandorion,XpGainAction,"POINT(-217.36 -9879.33)",10,3,8.27,"Kobold Tunneler","84"
2026-08-20 10:46:58+00,Zosti,XpGainAction,"POINT(-13551.72 -5979.43)",2,1,9.06,"Adult Plainstrider","90"
2026-08-20 10:46:58+00,Severeno,AutoSetTalentsAction,"POINT(2435.89 3188.34)",10,3,4.00,"59433","66540"
2026-08-20 10:46:58+00,Warimir,AutoSetTalentsAction,"POINT(2462.20 3207.42)",10,3,2.00,"89753","89753"
2026-08-20 10:46:58+00,Talais,AutoSetTalentsAction,"POINT(-14330.62 6669.33)",4,4,5.00,"82264","82264"
2026-08-20 10:46:58+00,Cheahobo,AutoSetTalentsAction,"POINT(-13455.00 -6611.42)",6,11,2.00,"245870","254299"
2026-08-20 10:46:58+00,Yamela,AutoSetTalentsAction,"POINT(-8417.70 -5169.17)",9,8,9.00,"8019","55270"
2026-08-20 10:46:58+00,Bonharo,XpGainAction,"POINT(518.92 -5680.04)",10,4,7.01,"","45"
2026-08-20 10:46:59+00,Rederon,AutoSetTalentsAction,"POINT(159.11 -8957.52)",10,3,6.00,"24739","61795"
2026-08-20 10:46:59+00,Dinkau,AttackAnythingAction,"POINT(-13167.98 -6750.03)",6,1,8.32,"Plainstrider (lvl 2)","2955"
2026-08-20 10:46:59+00,Dollu,XpGainAction,"POINT(-9417.97 -3931.44)",8,7,7.07,"Scorpid Worker","32"
2026-08-20 10:46:59+00,Mavoa,AttackAnythingAction,"POINT(-12886.23 -6082.96)",6,1,13.62,"Prairie Wolf (lvl 6)","2958"
2026-08-20 10:46:59+00,Balandelio,AutoReleaseSpiritAction,"POINT(-9086.46 -3551.20)",9,3,7.36,"",""
2026-08-20 10:46:59+00,Gumogg,AutoReleaseSpiritAction,"POINT(406.81 -5700.12)",3,3,9.35,"",""
2026-08-20 10:46:59+00,Nainer,XpGainAction,"POINT(-9331.03 -3809.68)",9,1,8.01,"Vile Familiar","56"
2026-08-20 10:46:59+00,Stanon,StoreLootAction,"POINT(340.97 -8975.92)",1,1,7.42,"Refreshing Spring Water","159"
2026-08-20 10:47:00+00,Cariany,XpGainAction,"POINT(-22.40 -9467.50)",1,5,7.02,"","110"
2026-08-20 10:47:00+00,Geraneya,XpGainAction,"POINT(-12932.75 -6228.28)",9,8,7.09,"","55"
2026-08-20 10:47:00+00,Galanda,AutoSetTalentsAction,"POINT(138.12 -8769.90)",10,4,6.00,"19337","253888"
2026-08-20 10:47:00+00,Colenelli,AutoSetTalentsAction,"POINT(16776.67 -5594.85)",10,3,8.00,"12956","30864"
2026-08-20 10:47:00+00,Avinia,QuestTravelToObjective,"POINT(-9548.86 -4282.30)",9,3,8.00,"Sting of the Scorpid","789"
2026-08-20 10:47:00+00,Avinia,AttackAnythingAction,"POINT(-9548.86 -4282.30)",9,3,8.00,"Scorpid Worker (lvl 3)","3124"
2026-08-20 10:47:00+00,Ellaelanai,BGJoinAction,"POINT(189.14 -5399.72)",4,1,13.07,"AB","3"
2026-08-20 10:47:01+00,Adineri,XpGainAction,"POINT(-13560.72 -5365.80)",9,1,9.13,"Prairie Stalker","60"
2026-08-20 10:47:01+00,Eldorion,AttackAnythingAction,"POINT(-8888.21 -4495.82)",9,4,8.00,"Clattering Scorpid (lvl 6)","3125"
2026-08-20 10:47:01+00,Garius,AutoSetTalentsAction,"POINT(561.41 -859.14)",10,2,2.00,"112416","113864"
2026-08-20 10:47:01+00,Evievera,AutoSetTalentsAction,"POINT(-10060.53 -4708.68)",9,8,7.00,"12801","101067"
2026-08-20 10:47:01+00,Okpi,AcceptInvitationAction,"POINT(-13624.43 -4724.88)",6,1,8.48,"Honkto","4"
2026-08-20 10:47:01+00,Dognukuhm,XpGainAction,"POINT(-302.25 -5387.62)",3,2,8.49,"","65"
2026-08-20 10:47:01+00,Hutlu,ReviveFromSpiritHealerAction,"POINT(-13327.97 -5855.19)",6,11,7.00,"",""
2026-08-20 10:47:01+00,Elliela,AutoReleaseSpiritAction,"POINT(268.76 -9528.95)",10,4,8.39,"",""
2026-08-20 10:47:02+00,Celianore,AutoSetTalentsAction,"POINT(-31.89 -5996.92)",1,3,10.00,"11494","59029"
2026-08-20 10:47:02+00,Simo,AutoSetTalentsAction,"POINT(-6497.05 -3928.27)",9,9,4.00,"59850","70157"
2026-08-20 10:47:02+00,Gumogg,AutoSetTalentsAction,"POINT(289.26 -5807.06)",3,3,9.00,"3580","50640"
2026-08-20 10:47:02+00,Valril,AutoSetTalentsAction,"POINT(-15613.26 6263.38)",4,11,7.00,"4550","106041"
2026-08-20 10:47:02+00,Damelania,AutoSetTalentsAction,"POINT(743.66 -44.35)",9,3,10.00,"26950","121087"
2026-08-20 10:47:02+00,Landro,AttackAnythingAction,"POINT(131.43 -8844.04)",1,1,7.09,"Young Wolf (lvl 1)","299"
2026-08-20 10:47:02+00,Deandorion,AttackAnythingAction,"POINT(-217.36 -9879.33)",10,3,8.37,"Kobold Tunneler (lvl 5)","475"
2026-08-20 10:47:02+00,Taland,BGJoinAction,"POINT(-13594.85 -4663.85)",9,8,10.25,"WSG","2"
2026-08-20 10:47:02+00,Zenor,AcceptInvitationAction,"POINT(-171.41 -9339.46)",10,3,8.00,"Channie","2"
2026-08-20 10:47:02+00,Illeasa,XpGainAction,"POINT(-14521.93 7018.10)",4,4,8.70,"Grellkin","56"
2026-08-20 10:47:03+00,Silvetta,XpGainAction,"POINT(-13762.54 -4259.54)",9,4,11.22,"Windfury Sorceress","142"
2026-08-20 10:47:03+00,Titan,AutoSetTalentsAction,"POINT(-9185.23 -2319.51)",9,8,9.00,"9796","76054"
2026-08-20 10:47:03+00,Rhaptan,AutoSetTalentsAction,"POINT(-9511.91 -4939.13)",8,1,8.00,"18861","65853"
2026-08-20 10:47:03+00,Sadonna,XpGainAction,"POINT(-387.70 -9691.12)",10,2,8.79,"Mangy Wolf","112"
2026-08-20 10:47:04+00,Relrien,AutoSetTalentsAction,"POINT(-14459.57 6636.60)",4,4,3.00,"43570","43570"
2026-08-20 10:47:04+00,Thrumdotkis,AutoSetTalentsAction,"POINT(-9561.89 -4264.96)",2,3,5.00,"42818","42818"
2026-08-20 10:47:04+00,Emerly,AutoSetTalentsAction,"POINT(106.43 -8945.46)",1,2,8.00,"3598","31546"
2026-08-20 10:47:04+00,Minise,AutoSetTalentsAction,"POINT(-101.98 -9309.57)",10,1,9.00,"1980","15852"
2026-08-20 10:47:04+00,Haraldro,AutoSetTalentsAction,"POINT(-9395.07 -3767.20)",9,9,7.00,"2755","55487"
2026-08-20 10:47:04+00,Barcel,BGJoinAction,"POINT(-120.70 -9824.59)",10,3,10.60,"WSG","2"
2026-08-20 10:47:04+00,Nilealaeth,EquipAction,"POINT(-14498.29 6803.40)",4,11,6.00,"Mining Pick","2901"
2026-08-20 10:47:05+00,Gordren,AutoReleaseSpiritAction,"POINT(-422.99 2017.52)",5,9,7.24,"",""
2026-08-20 10:47:05+00,Kailanne,AutoSetTalentsAction,"POINT(2531.44 3190.64)",10,8,4.00,"47127","47127"
2026-08-20 10:47:05+00,Ilune,AutoSetTalentsAction,"POINT(-325.08 -6217.82)",1,8,9.00,"1374","18791"
2026-08-20 10:47:05+00,Berester,AutoSetTalentsAction,"POINT(-552.26 -6402.82)",10,8,7.00,"4858","11378"
2026-08-20 10:47:05+00,Gerani,AutoSetTalentsAction,"POINT(444.72 -8923.89)",1,1,9.00,"144","21419"
2026-08-20 10:47:05+00,Suranon,BGJoinAction,"POINT(-15343.11 6457.60)",10,3,12.09,"WSG","2"
2026-08-20 10:47:06+00,Chaelanda,GuildLeaveAction,"POINT(-6470.27 -3921.74)",9,9,3.00,"Grammaton Collective","50"
2026-08-20 10:47:06+00,Gideus,XpGainAction,"POINT(-9188.51 -4624.71)",9,8,11.51,"","65"
2026-08-20 10:47:06+00,Aralco,XpGainAction,"POINT(-293.85 -9537.17)",10,2,9.08,"Mangy Wolf","45"
2026-08-20 10:47:06+00,Ronmo,AutoSetTalentsAction,"POINT(874.66 -5165.52)",3,3,6.00,"5348","37299"
2026-08-20 10:47:06+00,Kynsera,AutoSetTalentsAction,"POINT(-14483.47 6900.98)",4,11,3.00,"69801","115856"
2026-08-20 10:47:06+00,Valeranor,AutoSetTalentsAction,"POINT(14289.76 -5605.86)",10,4,8.00,"14691","102590"
2026-08-20 10:47:06+00,Kerine,XpGainAction,"POINT(848.29 -8999.85)",10,5,9.07,"Riverpaw Runt","90"
2026-08-20 10:47:06+00,Richarmin,BGJoinAction,"POINT(-13673.22 -6222.31)",9,8,10.41,"WSG","2"
2026-08-20 10:47:06+00,Kalata,AttackAnythingAction,"POINT(75.67 -8804.18)",1,9,8.00,"Timber Wolf (lvl 2)","69"
2026-08-20 10:47:06+00,Chelenie,XpGainAction,"POINT(-163.37 -9720.06)",1,3,8.11,"Kobold Tunneler","112"
2026-08-20 10:47:07+00,Baderett,GuildLeaveAction,"POINT(-312.94 -9641.77)",10,5,8.00,"Ancients of Part Times","49"
2026-08-20 10:47:07+00,Gideus,AttackAnythingAction,"POINT(-9188.51 -4624.71)",9,8,11.57,"Kolkar Outrunner (lvl 7)","3120"
2026-08-20 10:47:07+00,Selrannul,AutoSetTalentsAction,"POINT(-14493.63 6608.54)",4,11,3.00,"39864","39864"
2026-08-20 10:47:07+00,Tiarshi,AutoSetTalentsAction,"POINT(-13455.10 -6605.18)",6,11,6.00,"777","256839"
2026-08-20 10:47:07+00,Bastare,BGJoinAction,"POINT(312.81 -9525.00)",3,2,11.65,"AB","3"
2026-08-20 10:47:07+00,Gerasimond,XpGainAction,"POINT(-6538.57 -3913.91)",9,4,4.25,"Haywire Battlechicken","78"
2026-08-20 10:47:07+00,Emeterena,XpGainAction,"POINT(-445.65 -6530.60)",10,3,8.22,"Frostmane Troll Whelp","56"
2026-08-20 10:47:08+00,Balandelio,ReviveFromSpiritHealerAction,"POINT(-8876.27 -3446.54)",9,3,7.36,"",""
2026-08-20 10:47:08+00,Emeterena,QuestTravelToObjective,"POINT(-445.65 -6530.60)",10,3,8.30,"A Refugee's Quandary","3361"
2026-08-20 10:47:08+00,Galenic,AutoSetTalentsAction,"POINT(-6485.43 -3904.72)",9,8,4.00,"88855","88855"
2026-08-20 10:47:08+00,Arinerio,AutoSetTalentsAction,"POINT(-161.54 -9349.39)",1,2,9.00,"17305","50812"
2026-08-20 10:47:08+00,Celinia,AutoSetTalentsAction,"POINT(159.49 -8905.77)",1,8,9.00,"40961","101750"
2026-08-20 10:47:08+00,Cecilly,AutoSetTalentsAction,"POINT(1222.70 -4928.28)",10,2,9.00,"10876","30575"
2026-08-20 10:47:08+00,Dollu,AutoSetTalentsAction,"POINT(-9417.97 -3931.44)",8,7,7.00,"1315","67685"
2026-08-20 10:47:08+00,Brignags,AutoSetTalentsAction,"POINT(-273.56 -6332.32)",3,3,8.00,"8648","58070"
2026-08-20 10:47:08+00,Borran,AutoSetTalentsAction,"POINT(-847.20 -8745.87)",10,4,9.00,"11250","28526"
2026-08-20 10:47:08+00,Iristeria,ReviveFromSpiritHealerAction,"POINT(-9373.97 -4314.63)",9,4,9.42,"",""
2026-08-20 10:47:09+00,Chaelanda,AttackAnythingAction,"POINT(-6470.27 -3921.74)",9,9,3.00,"Rat (lvl 1)","4075"
2026-08-20 10:47:09+00,Relressian,AttackAnythingAction,"POINT(-14698.60 5960.64)",4,11,9.00,"Webwood Lurker (lvl 5)","1998"
2026-08-20 10:47:10+00,Leerane,AttackAnythingAction,"POINT(-13656.39 -6486.92)",9,1,8.48,"Prairie Wolf (lvl 6)","2958"
2026-08-20 10:47:10+00,Arano,XpGainAction,"POINT(-180.39 2215.30)",9,9,9.24,"Decrepit Darkhound","90"
2026-08-20 10:47:10+00,Edris,AutoSetTalentsAction,"POINT(-14639.39 6210.72)",4,3,6.00,"5665","86532"
2026-08-20 10:47:10+00,Shaco,AutoSetTalentsAction,"POINT(-6490.15 -3907.75)",9,4,2.00,"56241","59127"
2026-08-20 10:47:10+00,Baregon,AutoSetTalentsAction,"POINT(-9436.10 -4334.79)",9,1,8.00,"10155","78186"
2026-08-20 10:47:10+00,Oscaran,AutoSetTalentsAction,"POINT(-6461.75 -3918.45)",9,9,7.00,"3595","34366"
2026-08-20 10:47:10+00,Aldoc,AutoSetTalentsAction,"POINT(1205.09 -4936.92)",1,8,8.00,"21616","84251"
2026-08-20 10:47:10+00,Merodo,AutoSetTalentsAction,"POINT(634.17 -9476.37)",10,5,11.00,"6675","90935"
2026-08-20 10:47:10+00,Felellor,AutoSetTalentsAction,"POINT(-14551.17 6912.50)",4,3,7.00,"15962","103651"
2026-08-20 10:47:10+00,Emeterena,StoreLootAction,"POINT(-445.65 -6530.60)",10,3,8.30,"Frostmane Leather Vest","2108"
2026-08-20 10:47:11+00,Ardimonn,AutoSetTalentsAction,"POINT(118.51 -8901.56)",3,5,4.00,"17097","53200"
2026-08-20 10:47:11+00,Gankal,AutoSetTalentsAction,"POINT(-387.91 -6056.58)",7,8,7.00,"6024","16194"
2026-08-20 10:47:11+00,Alindy,AutoSetTalentsAction,"POINT(14339.43 -5635.94)",1,1,8.00,"34297","128484"
2026-08-20 10:47:11+00,Nellenta,AutoSetTalentsAction,"POINT(-9252.38 -2678.43)",9,9,8.00,"2193","71003"
2026-08-20 10:47:11+00,Emeterena,EquipAction,"POINT(-445.65 -6530.60)",10,3,8.30,"Frostmane Leather Vest","2108"
2026-08-20 10:47:11+00,Arua,XpGainAction,"POINT(1306.45 -5547.62)",3,2,6.02,"","65"
2026-08-20 10:47:11+00,Adar,AttackAnythingAction,"POINT(104.16 -8909.46)",1,2,8.43,"Young Wolf (lvl 1)","299"
2026-08-20 10:47:11+00,Kerine,AutoReleaseSpiritAction,"POINT(847.99 -8983.82)",10,5,9.12,"",""
2026-08-20 10:47:12+00,Amione,XpGainAction,"POINT(-38.65 -9604.13)",1,9,6.04,"Stonetusk Boar","150"
2026-08-20 10:47:12+00,Denaressian,AutoSetTalentsAction,"POINT(-14618.50 6053.40)",4,3,4.00,"155314","192763"
2026-08-20 10:47:12+00,Mogu,AutoSetTalentsAction,"POINT(-13631.21 -4731.84)",6,11,5.00,"175990","266297"
2026-08-20 10:47:12+00,Waigma,AutoReleaseSpiritAction,"POINT(-9352.63 -2499.19)",8,4,12.33,"",""
2026-08-20 10:47:12+00,Aralco,AttackAnythingAction,"POINT(-274.25 -9531.62)",10,2,9.10,"Forest Spider (lvl 6)","30"
2026-08-20 10:47:13+00,Paradamir,AttackAnythingAction,"POINT(-1569.58 1862.36)",5,9,4.82,"Mindless Zombie (lvl 1)","1501"
2026-08-20 10:47:13+00,Larabella,AttackAnythingAction,"POINT(-1564.09 1859.71)",5,4,4.00,"Wretched Zombie (lvl 1)","1502"
2026-08-20 10:47:13+00,Kwasso,AutoSetTalentsAction,"POINT(-13449.88 -6605.51)",6,11,2.00,"219350","230187"
2026-08-20 10:47:13+00,Leencizz,AutoSetTalentsAction,"POINT(528.98 -5636.77)",7,9,6.00,"58437","58437"
2026-08-20 10:47:13+00,Clane,AutoSetTalentsAction,"POINT(128.26 -8968.94)",1,8,6.00,"8590","88388"
2026-08-20 10:47:13+00,Evangi,AutoSetTalentsAction,"POINT(107.52 -9196.36)",10,4,9.00,"2007","48386"
2026-08-20 10:47:13+00,Salessa,XpGainAction,"POINT(-9575.87 -4268.21)",9,3,7.32,"Scorpid Worker","32"
2026-08-20 10:47:13+00,Ronmo,AcceptInvitationAction,"POINT(874.66 -5165.52)",3,3,6.00,"Araldorio","2"
2026-08-20 10:47:13+00,Kliflimi,AttackAnythingAction,"POINT(-487.59 -6459.56)",7,9,8.00,"Ragged Timber Wolf (lvl 2)","704"
2026-08-20 10:47:13+00,Ayrnea,XpGainAction,"POINT(-14414.52 6924.13)",4,3,6.01,"Mangy Nightsaber","30"
2026-08-20 10:47:13+00,Hohdu,AutoReleaseSpiritAction,"POINT(-9351.58 -3446.28)",8,3,7.09,"",""
2026-08-20 10:47:13+00,Molora,StoreLootAction,"POINT(-290.29 -9388.39)",10,4,7.25,"Ruined Leather Scraps","2934"
2026-08-20 10:47:14+00,Alathras,AutoSetTalentsAction,"POINT(-14608.96 6121.18)",4,1,8.00,"6718","18587"
2026-08-20 10:47:14+00,Zandero,AutoSetTalentsAction,"POINT(133.36 -8761.71)",10,1,6.00,"1201","68735"
2026-08-20 10:47:14+00,Lival,AutoSetTalentsAction,"POINT(-15539.65 6019.35)",10,3,7.00,"2012","10521"
2026-08-20 10:47:14+00,Adona,AutoSetTalentsAction,"POINT(-164.82 -9409.90)",1,3,7.00,"2754","68254"
2026-08-20 10:47:14+00,Esteven,AutoSetTalentsAction,"POINT(115.06 -8898.93)",1,5,8.00,"11910","60299"
2026-08-20 10:47:14+00,Tarandel,AttackAnythingAction,"POINT(136.37 -8797.85)",1,2,8.00,"Young Wolf (lvl 1)","299"
2026-08-20 10:47:14+00,Bomazz,AttackAnythingAction,"POINT(-128.53 -6174.27)",7,4,9.64,"Rockjaw Raider (lvl 4)","1718"
2026-08-20 10:47:14+00,Badrooawhe,XpGainAction,"POINT(-12918.42 -5559.11)",6,7,8.51,"Flatland Cougar","70"
2026-08-20 10:47:14+00,Astand,XpGainAction,"POINT(74.48 -9375.68)",1,2,6.01,"","45"
2026-08-20 10:47:15+00,Krosus,AttackAnythingAction,"POINT(5.53 -9466.97)",1,1,8.95,"Mangy Wolf (lvl 5)","525"
2026-08-20 10:47:15+00,Rentic,AutoSetTalentsAction,"POINT(1219.45 -2053.70)",10,8,4.00,"250582","255745"
2026-08-20 10:47:15+00,Felladan,AutoSetTalentsAction,"POINT(-14432.71 6738.80)",4,11,4.00,"14641","87120"
2026-08-20 10:47:15+00,Handelio,AutoSetTalentsAction,"POINT(-12517.93 -6750.22)",9,9,8.00,"1260","16650"
2026-08-20 10:47:15+00,Ungik,AutoSetTalentsAction,"POINT(1388.86 -5514.29)",3,5,10.00,"7550","77568"
2026-08-20 10:47:15+00,Enaro,XpGainAction,"POINT(-527.25 2226.60)",5,4,8.03,"Tirisfal Plagued Bear","145"
2026-08-20 10:47:15+00,Bellie,XpGainAction,"POINT(-1398.80 2409.22)",9,8,7.01,"Scarlet Warrior","64"
2026-08-20 10:47:15+00,Galahad,XpGainAction,"POINT(-8595.94 -2870.67)",9,3,8.65,"","55"
2026-08-20 10:47:15+00,Waigma,ReviveFromSpiritHealerAction,"POINT(-9205.76 -2502.22)",8,4,12.33,"",""
2026-08-20 10:47:16+00,Damelamy,AttackAnythingAction,"POINT(359.48 -8931.73)",10,4,7.38,"Defias Thug (lvl 4)","38"
2026-08-20 10:47:16+00,Eldorion,XpGainAction,"POINT(-8888.21 -4495.82)",9,4,8.01,"Clattering Scorpid","56"
2026-08-20 10:47:16+00,Salessa,StoreLootAction,"POINT(-9575.87 -4268.21)",9,3,7.35,"Sticky Ichor","7100"
2026-08-20 10:47:16+00,Narianey,AutoSetTalentsAction,"POINT(-279.28 -9286.69)",10,5,6.00,"5386","39869"
2026-08-20 10:47:16+00,Balco,AutoSetTalentsAction,"POINT(-6543.20 -3926.43)",9,1,4.00,"42903","42903"
2026-08-20 10:47:16+00,Zolas,AutoSetTalentsAction,"POINT(-8909.97 -2311.44)",9,4,12.00,"3275","81940"
2026-08-20 10:47:16+00,Ellindy,AutoSetTalentsAction,"POINT(14338.75 -5635.73)",10,4,8.00,"29011","111633"
2026-08-20 10:47:16+00,Salestra,AttackAnythingAction,"POINT(105.20 -8743.37)",1,9,5.00,"Timber Wolf (lvl 2)","69"
2026-08-20 10:47:16+00,Damianuel,AttackAnythingAction,"POINT(-8984.09 -4818.56)",9,3,7.33,"Makrura Clacker (lvl 6)","3103"
2026-08-20 10:47:16+00,Landro,AttackAnythingAction,"POINT(133.85 -8842.53)",1,1,7.09,"Young Wolf (lvl 1)","299"
2026-08-20 10:47:16+00,Farko,XpGainAction,"POINT(134.61 -4971.30)",10,3,11.25,"Elder Crag Boar","42"
2026-08-20 10:47:17+00,Heriela,AutoSetTalentsAction,"POINT(-1643.01 1905.18)",5,8,5.00,"3830","43608"
2026-08-20 10:47:17+00,Erianessa,AutoSetTalentsAction,"POINT(-14471.23 5971.84)",10,8,8.00,"35415","66069"
2026-08-20 10:47:17+00,Avinia,StoreLootAction,"POINT(-9522.42 -4263.23)",9,3,8.00,"Broken Scorpid Leg","4867"
2026-08-20 10:47:17+00,Dinkau,AttackAnythingAction,"POINT(-13191.32 -6716.71)",6,1,8.32,"Plainstrider (lvl 1)","2955"
2026-08-20 10:47:17+00,Hineva,BGJoinAction,"POINT(-1563.83 1859.70)",5,9,10.80,"WSG","2"
2026-08-20 10:47:17+00,Esterina,BGJoinAction,"POINT(-447.54 -5075.22)",10,4,13.00,"WSG","2"
2026-08-20 10:47:17+00,Matille,XpGainAction,"POINT(212.80 -9387.79)",10,5,10.71,"Murloc Streamrunner","80"
2026-08-20 10:47:18+00,Hamuel,AutoReleaseSpiritAction,"POINT(-13768.29 -6227.47)",9,1,9.94,"",""
2026-08-20 10:47:18+00,Vinerina,AutoSetTalentsAction,"POINT(-9560.83 -4080.83)",9,1,8.00,"15425","80690"
2026-08-20 10:47:18+00,Girio,AutoSetTalentsAction,"POINT(-427.38 -9926.70)",10,2,10.00,"2096","44384"
2026-08-20 10:47:19+00,Adette,AttackAnythingAction,"POINT(734.32 -8941.04)",10,4,11.27,"Prowler (lvl 10)","118"
2026-08-20 10:47:19+00,Elaenas,AutoSetTalentsAction,"POINT(-14615.62 6021.25)",4,3,8.00,"6817","84738"
2026-08-20 10:47:19+00,Athas,AutoSetTalentsAction,"POINT(-14440.84 6759.50)",4,11,5.00,"66326","70071"
2026-08-20 10:47:19+00,Iwaristan,AutoSetTalentsAction,"POINT(-6483.54 -3933.77)",9,9,3.00,"53278","53278"
2026-08-20 10:47:19+00,Krittlezz,BGJoinAction,"POINT(-210.35 -5341.36)",7,9,11.21,"WSG","2"
2026-08-20 10:47:19+00,Ameliam,QuestTravelToObjective,"POINT(132.95 -8639.08)",10,1,7.68,"Kobold Camp Cleanup","7"
2026-08-20 10:47:19+00,Eldorion,XpGainAction,"POINT(-8728.28 -4473.43)",9,4,8.06,"","55"
2026-08-20 10:47:19+00,Minise,AttackAnythingAction,"POINT(-9.51 -9283.05)",10,1,9.00,"Young Wolf (lvl 1)","299"
2026-08-20 10:47:19+00,Surakar,StoreLootAction,"POINT(815.93 -9744.70)",10,5,10.38,"Linen Cloth","2589"
2026-08-20 10:47:19+00,Barcel,AttackAnythingAction,"POINT(-120.70 -9824.59)",10,3,10.60,"Kobold Tunneler (lvl 5)","475"
2026-08-20 10:47:20+00,Stellena,AttackAnythingAction,"POINT(-14319.79 6057.49)",10,4,7.56,"Nightsaber (lvl 6)","2042"
2026-08-20 10:47:20+00,Solanessa,BGJoinAction,"POINT(-66.52 -9926.83)",10,5,10.10,"WSG","2"
2026-08-20 10:47:20+00,Blattu,AttackAnythingAction,"POINT(-13443.57 -6604.80)",6,11,2.00,"Plainstrider (lvl 1)","2955"
2026-08-20 10:47:20+00,Oneira,AttackAnythingAction,"POINT(-270.38 -6331.62)",10,8,8.00,"Ragged Young Wolf (lvl 1)","705"
2026-08-20 10:47:20+00,Ruvaterl,AutoSetTalentsAction,"POINT(-9562.41 -4263.37)",2,3,2.00,"37778","37778"
2026-08-20 10:47:20+00,Singi,AutoSetTalentsAction,"POINT(-13451.78 -6606.38)",6,11,3.00,"125247","215930"
2026-08-20 10:47:20+00,Iristeria,AutoSetTalentsAction,"POINT(-9373.97 -4314.63)",9,4,9.00,"21886","38090"
2026-08-20 10:47:20+00,Aurona,AutoSetTalentsAction,"POINT(84.90 -9047.73)",10,4,12.00,"42589","125110"
2026-08-20 10:47:20+00,Flandoris,SellAction,"POINT(563.84 -858.91)",10,3,2.00,"Refreshing Spring Water","159"
2026-08-20 10:47:20+00,Flandoris,SellAction,"POINT(563.84 -858.91)",10,3,2.00,"Rough Sharpening Stone","2862"
2026-08-20 10:47:20+00,Gusgy,XpGainAction,"POINT(-8967.86 -3312.82)",2,1,8.05,"","45"
2026-08-20 10:47:20+00,Stalorent,XpGainAction,"POINT(-8538.56 -3800.03)",9,9,9.44,"Kul Tiras Marine","60"
2026-08-20 10:47:21+00,Talate,AttackAnythingAction,"POINT(170.01 -9106.12)",1,4,10.00,"Timber Wolf (lvl 2)","69"
2026-08-20 10:47:21+00,Peland,AutoSetTalentsAction,"POINT(-1226.03 -8174.86)",1,3,2.00,"45025","45025"
2026-08-20 10:47:22+00,Wanma,AutoReleaseSpiritAction,"POINT(-13912.69 -5726.67)",6,7,8.80,"",""
2026-08-20 10:47:22+00,Sedris,AutoSetTalentsAction,"POINT(-14470.21 6966.50)",4,11,6.00,"12109","108563"
2026-08-20 10:47:22+00,Brineve,AutoSetTalentsAction,"POINT(-6442.59 -3936.55)",9,4,3.00,"14842","53272"
2026-08-20 10:47:22+00,Uralke,AutoSetTalentsAction,"POINT(-9330.95 -4253.49)",2,1,5.00,"11432","84045"
2026-08-20 10:47:22+00,Dianza,AutoSetTalentsAction,"POINT(161.76 -8698.78)",10,3,7.00,"9986","77400"
2026-08-20 10:47:23+00,Dorelina,SellAction,"POINT(-9314.29 -2389.30)",9,4,11.55,"Linen Cloth","2589"
2026-08-20 10:47:23+00,Dorelina,SellAction,"POINT(-9314.29 -2389.30)",9,4,11.55,"Light Leather","2318"
2026-08-20 10:47:23+00,Dorelina,SellAction,"POINT(-9314.29 -2389.30)",9,4,11.55,"Smoked Sagefish","21072"
2026-08-20 10:47:23+00,Hohdu,ReviveFromSpiritHealerAction,"POINT(-8876.27 -3446.54)",8,3,7.09,"",""
2026-08-20 10:47:23+00,Esteric,AutoSetTalentsAction,"POINT(-6469.82 -3921.50)",9,9,4.00,"62828","66429"
2026-08-20 10:47:23+00,Hellario,AutoSetTalentsAction,"POINT(-6537.34 -3929.57)",9,3,2.00,"52024","52024"
2026-08-20 10:47:23+00,Vaniko,AutoSetTalentsAction,"POINT(-6544.67 -3970.26)",9,3,4.00,"64227","64227"
2026-08-20 10:47:23+00,Geronik,AutoSetTalentsAction,"POINT(-6498.36 -3896.51)",9,3,4.00,"15113","39152"
2026-08-20 10:47:23+00,Finny,AutoSetTalentsAction,"POINT(-13441.57 -5528.42)",9,1,12.00,"18204","71549"
2026-08-20 10:47:23+00,Eydrus,AutoSetTalentsAction,"POINT(-14470.39 6739.59)",4,3,7.00,"4737","133374"
2026-08-20 10:47:23+00,Sadonna,XpGainAction,"POINT(-385.12 -9693.29)",10,2,8.97,"Mangy Wolf","112"
2026-08-20 10:47:23+00,Sadonna,AutoSetTalentsAction,"POINT(-385.12 -9693.29)",10,2,9.00,"0","34076"
2026-08-20 10:47:24+00,Zolatera,BGJoinAction,"POINT(-492.03 2348.67)",5,9,10.65,"AB","3"
2026-08-20 10:47:24+00,Endaric,AutoSetTalentsAction,"POINT(-1245.37 -8239.10)",1,5,3.00,"62759","62759"
2026-08-20 10:47:24+00,Solanessa,AutoSetTalentsAction,"POINT(-66.52 -9926.83)",10,5,10.00,"8188","94453"
2026-08-20 10:47:24+00,Andeas,AutoSetTalentsAction,"POINT(-9519.29 -4277.77)",9,9,8.00,"3880","92199"
2026-08-20 10:47:24+00,Solanessa,AttackAnythingAction,"POINT(-66.52 -9926.83)",10,5,10.00,"Stonetusk Boar (lvl 6)","113"
2026-08-20 10:47:24+00,Trum,AttackAnythingAction,"POINT(-9571.57 -4266.76)",2,3,7.62,"Sarkoth (lvl 4)","3281"
2026-08-20 10:47:24+00,Sadonna,AutoSetTalentsAction,"POINT(-385.12 -9693.29)",10,2,9.00,"1","34077"
2026-08-20 10:47:24+00,Amarea,AcceptInvitationAction,"POINT(840.59 -5019.20)",10,3,7.98,"Felsa","4"
2026-08-20 10:47:24+00,Leerane,XpGainAction,"POINT(-13656.39 -6486.92)",9,1,8.50,"Prairie Wolf","112"
2026-08-20 10:47:25+00,Dariel,AutoSetTalentsAction,"POINT(-6489.68 -3908.12)",9,9,4.00,"66609","83611"
2026-08-20 10:47:25+00,Adina,AutoSetTalentsAction,"POINT(-1571.03 1883.43)",5,4,4.00,"23281","42323"
2026-08-20 10:47:25+00,Jaemnaizol,AutoSetTalentsAction,"POINT(42.49 -8256.64)",3,3,6.00,"30734","53782"
2026-08-20 10:47:25+00,Peten,AutoSetTalentsAction,"POINT(-8999.02 -3334.59)",8,3,8.00,"35373","124299"
2026-08-20 10:47:25+00,Surmun,AutoSetTalentsAction,"POINT(-75.32 -6125.83)",3,3,8.00,"1433","56078"
2026-08-20 10:47:25+00,Geraneya,AutoReleaseSpiritAction,"POINT(-12932.75 -6228.28)",9,8,7.14,"",""
2026-08-20 10:47:26+00,Mogu,AcceptInvitationAction,"POINT(-13624.14 -4724.51)",6,11,5.00,"Honkto","5"
2026-08-20 10:47:26+00,Botakni,AttackAnythingAction,"POINT(-13448.55 -6602.54)",6,11,2.00,"Plainstrider (lvl 1)","2955"
2026-08-20 10:47:26+00,Tuspo,AutoSetTalentsAction,"POINT(-13412.02 -6597.58)",6,11,4.00,"36147","36147"
2026-08-20 10:47:26+00,Damelamy,XpGainAction,"POINT(355.72 -8929.23)",10,4,7.39,"Defias Thug","32"
2026-08-20 10:47:26+00,Brerdundohr,BGJoinAction,"POINT(-544.72 -8873.52)",3,3,10.41,"AB","3"
2026-08-20 10:47:26+00,Brerdundohr,XpGainAction,"POINT(-544.72 -8873.52)",3,3,10.42,"","85"
2026-08-20 10:47:26+00,Arzit,AttackAnythingAction,"POINT(-9562.56 -4256.00)",2,9,8.02,"Sarkoth (lvl 4)","3281"
2026-08-20 10:47:26+00,Farko,XpGainAction,"POINT(137.29 -4965.12)",10,3,11.28,"Frostmane Snowstrider","57"
2026-08-20 10:47:27+00,Teriley,AutoSetTalentsAction,"POINT(-708.64 -8798.14)",10,4,3.00,"40398","261034"
2026-08-20 10:47:27+00,Humiije,AutoSetTalentsAction,"POINT(-13595.35 -4661.92)",6,3,5.00,"94541","128682"
2026-08-20 10:47:27+00,Adreney,AutoSetTalentsAction,"POINT(-497.13 2370.94)",9,1,9.00,"1012","35793"
2026-08-20 10:47:27+00,Hamuel,ReviveFromSpiritHealerAction,"POINT(-13327.97 -5855.19)",9,1,9.94,"",""
2026-08-20 10:47:27+00,Gideus,XpGainAction,"POINT(-9188.51 -4624.71)",9,8,11.58,"Kolkar Outrunner","84"
2026-08-20 10:47:27+00,Adar,StoreLootAction,"POINT(74.03 -8922.44)",1,2,8.43,"Ruined Pelt","4865"
2026-08-20 10:47:27+00,Adar,StoreLootAction,"POINT(74.03 -8922.44)",1,2,8.43,"Broken Fang","7073"
2026-08-20 10:47:27+00,Adar,StoreLootAction,"POINT(74.03 -8922.44)",1,2,8.43,"Chipped Claw","7074"
2026-08-20 10:47:27+00,Aryre,AttackAnythingAction,"POINT(-14759.01 6472.65)",4,3,9.34,"Lord Melenas (lvl 8)","2038"
2026-08-20 10:47:28+00,Anris,XpGainAction,"POINT(-14543.98 6275.95)",4,4,7.03,"Nightsaber","68"
2026-08-20 10:47:28+00,Ihzeinn,BGJoinAction,"POINT(-10769.93 -3924.04)",8,4,11.17,"WSG","2"
2026-08-20 10:47:28+00,Nomti,AutoSetTalentsAction,"POINT(-13446.93 -6600.23)",6,11,3.00,"84860","113262"
2026-08-20 10:47:28+00,Vigoren,AttackAnythingAction,"POINT(-1143.48 1808.62)",5,9,7.62,"Ressan the Needler (lvl 11)","10357"
2026-08-20 10:47:28+00,Teresia,BGJoinAction,"POINT(-15617.03 6317.25)",10,5,10.00,"AB","3"
2026-08-20 10:47:29+00,Tizuss,AutoSetTalentsAction,"POINT(590.79 -733.84)",3,5,4.00,"38473","61533"
2026-08-20 10:47:29+00,Kateflak,AutoSetTalentsAction,"POINT(-310.28 -6263.02)",7,9,7.00,"21837","68452"
2026-08-20 10:47:29+00,Erinaya,AutoSetTalentsAction,"POINT(-656.43 -9649.41)",1,2,7.00,"561","36761"
2026-08-20 10:47:29+00,Adonia,AutoSetTalentsAction,"POINT(-261.61 2068.86)",9,1,9.00,"3560","72415"
2026-08-20 10:47:29+00,Paradamir,XpGainAction,"POINT(-1585.55 1887.11)",5,9,4.84,"Mindless Zombie","52"
2026-08-20 10:47:29+00,Nelane,AttackAnythingAction,"POINT(-6466.32 -3917.82)",9,3,3.00,"Whirling Whizz-Bot (lvl 1)","80112"
2026-08-20 10:47:29+00,Borran,XpGainAction,"POINT(-737.27 -8856.53)",10,4,9.01,"","85"
2026-08-20 10:47:30+00,Kibo,AttackAnythingAction,"POINT(-75.59 -6133.03)",7,1,10.00,"Rockjaw Raider (lvl 3)","1718"
2026-08-20 10:47:30+00,Kyland,AttackAnythingAction,"POINT(188.74 -9082.10)",1,4,9.93,"Defias Thug (lvl 4)","38"
2026-08-20 10:47:30+00,Keale,AutoSetTalentsAction,"POINT(-13449.88 -6605.71)",6,11,2.00,"130804","139300"
2026-08-20 10:47:30+00,Tughun,AutoSetTalentsAction,"POINT(-8690.02 -3873.18)",8,4,10.00,"8535","55415"
2026-08-20 10:47:30+00,Ragil,AutoSetTalentsAction,"POINT(-331.03 -6240.32)",3,3,9.00,"3351","46623"
2026-08-20 10:47:30+00,Solarania,AutoSetTalentsAction,"POINT(-9214.88 -4094.23)",9,3,7.00,"3605","10583"
2026-08-20 10:47:30+00,Shannok,AttackAnythingAction,"POINT(-6490.47 -3916.96)",9,8,4.00,"Rat (lvl 1)","4075"
2026-08-20 10:47:30+00,Sandan,AutoSetTalentsAction,"POINT(1155.44 -4821.78)",1,5,11.00,"12457","127386"
2026-08-20 10:47:30+00,Sandan,XpGainAction,"POINT(1155.44 -4821.78)",1,5,11.00,"","85"
2026-08-20 10:47:31+00,Mytaliath,AcceptInvitationAction,"POINT(-14898.83 5872.90)",4,4,4.00,"Jirae","2"
2026-08-20 10:47:31+00,Gimuck,AutoSetTalentsAction,"POINT(-514.11 -6350.59)",7,8,7.00,"5653","53305"
2026-08-20 10:47:31+00,Shallynna,AcceptInvitationAction,"POINT(-16183.04 6448.57)",4,3,8.90,"Shalrin","3"
2026-08-20 10:47:31+00,Robinico,XpGainAction,"POINT(-281.15 2678.07)",5,8,7.37,"","65"
2026-08-20 10:47:31+00,Balandelio,AttackAnythingAction,"POINT(-8876.27 -3446.54)",9,3,7.36,"Dire Mottled Boar (lvl 6)","3099"
2026-08-20 10:47:31+00,Aryre,AttackAnythingAction,"POINT(-14770.64 6479.69)",4,3,9.34,"Dark Sprite (lvl 6)","2004"
2026-08-20 10:47:32+00,Temarius,AutoSetTalentsAction,"POINT(573.73 -810.77)",10,4,2.00,"125830","194599"
2026-08-20 10:47:32+00,Pascon,AutoSetTalentsAction,"POINT(2435.42 3178.71)",10,5,3.00,"13213","55451"
2026-08-20 10:47:32+00,Rylina,AutoSetTalentsAction,"POINT(-14688.79 6653.70)",4,11,8.00,"5554","44473"
2026-08-20 10:47:32+00,Boastiago,AutoReleaseSpiritAction,"POINT(-9407.01 -2969.18)",9,8,10.26,"",""
2026-08-20 10:47:32+00,Flothan,AttackAnythingAction,"POINT(-9463.27 -2732.74)",9,3,12.75,"Lightning Hide (lvl 10)","3131"
2026-08-20 10:47:32+00,Channie,AttackAnythingAction,"POINT(-69.80 -9451.99)",1,9,9.00,"Chicken (lvl 1)","620"
2026-08-20 10:47:33+00,Chelenie,StoreLootAction,"POINT(-163.37 -9720.06)",1,3,8.21,"Linen Cloth","2589"
2026-08-20 10:47:33+00,Jirae,AttackAnythingAction,"POINT(-14919.11 5867.18)",4,3,5.00,"Gnarlpine Defender (lvl 7)","2010"
2026-08-20 10:47:33+00,Joane,XpGainAction,"POINT(-13689.17 -5534.24)",9,1,11.59,"Flatland Cougar","57"
2026-08-20 10:47:33+00,Thasaem,AutoSetTalentsAction,"POINT(-14496.48 6801.80)",4,4,3.00,"33857","38715"
2026-08-20 10:47:33+00,Letia,AutoSetTalentsAction,"POINT(-691.87 -8391.36)",1,3,3.00,"45383","45383"
2026-08-20 10:47:33+00,Amelani,AutoSetTalentsAction,"POINT(-6461.36 -3920.90)",9,8,4.00,"69221","88683"
2026-08-20 10:47:33+00,Cherena,AutoSetTalentsAction,"POINT(-19.15 -9331.55)",10,5,8.00,"22278","90311"
2026-08-20 10:47:33+00,Dollu,XpGainAction,"POINT(-9417.97 -3931.44)",8,7,7.01,"Vile Familiar","64"
2026-08-20 10:47:33+00,Landro,AttackAnythingAction,"POINT(134.47 -8838.90)",1,1,7.09,"Timber Wolf (lvl 2)","69"
2026-08-20 10:47:33+00,Bereander,ReviveFromSpiritHealerAction,"POINT(-9331.58 -4276.84)",9,4,9.19,"",""
2026-08-20 10:47:34+00,Kalata,AttackAnythingAction,"POINT(70.88 -8773.12)",1,9,8.00,"Timber Wolf (lvl 2)","69"
2026-08-20 10:47:34+00,Arannie,AutoSetTalentsAction,"POINT(-10191.32 -4761.40)",9,1,7.00,"6191","50097"
2026-08-20 10:47:34+00,Reve,ReviveFromSpiritHealerAction,"POINT(592.50 -732.80)",10,8,7.85,"",""
2026-08-20 10:47:34+00,Muraimon,BGJoinAction,"POINT(-13848.55 3035.58)",10,4,13.23,"AB","3"
2026-08-20 10:47:34+00,Geraneya,ReviveFromSpiritHealerAction,"POINT(-13327.97 -5855.19)",9,8,7.14,"",""
2026-08-20 10:47:34+00,Stellena,XpGainAction,"POINT(-14319.79 6057.49)",10,4,7.59,"Nightsaber","128"
2026-08-20 10:47:35+00,Silrin,AutoSetTalentsAction,"POINT(-14544.00 6746.50)",4,3,6.00,"23768","72999"
2026-08-20 10:47:35+00,Elyell,AutoSetTalentsAction,"POINT(-14477.82 6904.99)",4,3,6.00,"56590","183058"
2026-08-20 10:47:35+00,Alenneth,AutoSetTalentsAction,"POINT(-14454.51 6768.36)",4,3,8.00,"32377","88695"
2026-08-20 10:47:35+00,Aralco,XpGainAction,"POINT(-221.32 -9558.55)",10,2,9.11,"Forest Spider","45"
2026-08-20 10:47:35+00,Astorick,AutoReleaseSpiritAction,"POINT(-11911.01 -3678.75)",9,4,14.79,"",""
2026-08-20 10:47:35+00,Kagal,BGJoinAction,"POINT(-364.64 -8610.90)",3,1,10.00,"AB","3"
2026-08-20 10:47:35+00,Terendan,BGJoinAction,"POINT(-16273.63 6430.02)",4,4,14.56,"AB","3"
2026-08-20 10:47:36+00,Festerek,AcceptInvitationAction,"POINT(592.50 -732.80)",10,1,12.64,"Jonaim","2"
2026-08-20 10:47:36+00,Daelar,BGJoinAction,"POINT(592.50 -732.80)",1,3,10.31,"AB","3"
2026-08-20 10:47:36+00,Dinkau,AttackAnythingAction,"POINT(-13210.25 -6676.36)",6,1,8.32,"Plainstrider (lvl 1)","2955"
2026-08-20 10:47:36+00,Gainzith,AutoSetTalentsAction,"POINT(-9524.13 -4226.58)",8,4,10.00,"24983","69349"
2026-08-20 10:47:36+00,Fonni,AutoSetTalentsAction,"POINT(-13234.97 -6564.29)",6,11,7.00,"1602","168419"
2026-08-20 10:47:36+00,Kliflimi,StoreLootAction,"POINT(-487.59 -6459.56)",7,9,8.00,"Broken Fang","7073"
2026-08-20 10:47:36+00,Kliflimi,StoreLootAction,"POINT(-487.59 -6459.56)",7,9,8.00,"Chipped Claw","7074"
2026-08-20 10:47:36+00,Bevan,AttackAnythingAction,"POINT(-1607.77 1845.78)",5,5,7.28,"Rat (lvl 1)","4075"
2026-08-20 10:47:37+00,Illeasa,AttackAnythingAction,"POINT(-14486.35 6897.16)",4,4,8.78,"Thistle Boar (lvl 2)","1985"
2026-08-20 10:47:37+00,Blandorion,AutoSetTalentsAction,"POINT(132.49 -8949.95)",1,1,3.00,"26890","51632"
2026-08-20 10:47:37+00,Ujemi,QuestTravelToObjective,"POINT(-13131.40 -6745.03)",6,11,5.00,"A Humble Task","753"
2026-08-20 10:47:37+00,Farko,BGJoinAction,"POINT(135.22 -4975.34)",10,3,11.30,"AB","3"
2026-08-20 10:47:37+00,Kliflimi,AttackAnythingAction,"POINT(-487.59 -6459.56)",7,9,8.00,"Frostmane Troll Whelp (lvl 3)","706"
2026-08-20 10:47:38+00,Jaearenna,XpGainAction,"POINT(-14523.85 6215.96)",4,11,6.02,"Nightsaber","58"
2026-08-20 10:47:38+00,Constallio,AutoSetTalentsAction,"POINT(-1569.13 1864.38)",5,5,7.00,"8661","52659"
2026-08-20 10:47:38+00,Alandrico,AutoSetTalentsAction,"POINT(569.33 -818.40)",10,8,2.00,"115173","115443"
2026-08-20 10:47:38+00,Javian,AutoSetTalentsAction,"POINT(2438.13 3177.33)",10,5,4.00,"14919","47174"
2026-08-20 10:47:38+00,Damelanie,XpGainAction,"POINT(718.12 -9576.30)",1,5,7.18,"","70"
2026-08-20 10:47:39+00,Damianuel,XpGainAction,"POINT(-9307.78 -3584.36)",9,3,7.34,"","70"
2026-08-20 10:47:39+00,Galeander,AutoSetTalentsAction,"POINT(-7377.09 2992.35)",10,8,8.00,"23440","62519"
2026-08-20 10:47:39+00,Adamas,AutoSetTalentsAction,"POINT(-1677.45 1676.35)",5,4,12.00,"22126","127495"
2026-08-20 10:47:39+00,Emarcy,AttackAnythingAction,"POINT(215.02 -8914.57)",1,3,7.30,"Timber Wolf (lvl 2)","69"
2026-08-20 10:47:39+00,Joane,AttackAnythingAction,"POINT(-13689.17 -5534.24)",9,1,11.62,"Flatland Cougar (lvl 8)","3035"
2026-08-20 10:47:39+00,Constallio,AcceptInvitationAction,"POINT(-1569.13 1864.38)",5,5,7.00,"Gero","3"
2026-08-20 10:47:40+00,Hellengi,AutoSetTalentsAction,"POINT(2501.44 3212.63)",10,3,2.00,"63750","68136"
2026-08-20 10:47:40+00,Nelona,AutoSetTalentsAction,"POINT(1359.46 -9471.96)",10,8,7.00,"3310","19830"
2026-08-20 10:47:40+00,Minise,XpGainAction,"POINT(-6.63 -9285.39)",10,1,9.01,"Mangy Wolf","45"
2026-08-20 10:47:41+00,Mario,AttackAnythingAction,"POINT(2502.24 3224.38)",10,4,4.00,"Young Crimson Lynx (lvl 1)","61690"
2026-08-20 10:47:41+00,Nelinah,SellAction,"POINT(-101.24 -9461.92)",1,3,8.29,"Primitive Kilt","6135"
2026-08-20 10:47:41+00,Nelinah,SellAction,"POINT(-101.24 -9461.92)",1,3,8.29,"Ragged Leather Boots","1367"
2026-08-20 10:47:41+00,Nelinah,SellAction,"POINT(-101.24 -9461.92)",1,3,8.29,"Ragged Leather Belt","1369"
2026-08-20 10:47:41+00,Nelinah,SellAction,"POINT(-101.24 -9461.92)",1,3,8.29,"Mining Pick","2901"
2026-08-20 10:47:41+00,Nelinah,SellAction,"POINT(-101.24 -9461.92)",1,3,8.29,"Freshly Baked Bread","4541"
2026-08-20 10:47:41+00,Donica,AutoSetTalentsAction,"POINT(-8902.26 -3312.51)",9,3,9.00,"13723","42222"
2026-08-20 10:47:41+00,Egyael,AutoSetTalentsAction,"POINT(-15089.22 6558.70)",4,3,7.00,"3890","26211"
2026-08-20 10:47:41+00,Esmeru,AutoSetTalentsAction,"POINT(-477.64 -8997.13)",10,2,7.00,"21076","34377"
2026-08-20 10:47:41+00,Brerdundohr,BGJoinAction,"POINT(-566.34 -8820.72)",3,3,10.51,"WSG","2"
2026-08-20 10:47:41+00,Boastiago,ReviveFromSpiritHealerAction,"POINT(-9205.76 -2502.22)",9,8,10.26,"",""
2026-08-20 10:47:42+00,Hylora,AutoSetTalentsAction,"POINT(-14609.37 6561.27)",4,11,8.00,"3687","58462"
2026-08-20 10:47:42+00,Mytynna,AutoSetTalentsAction,"POINT(-14452.46 6769.03)",4,4,3.00,"72737","111623"
2026-08-20 10:47:42+00,Gadela,AutoSetTalentsAction,"POINT(117.21 -9001.54)",1,3,8.00,"10028","30770"
2026-08-20 10:47:42+00,Ronaleb,AutoSetTalentsAction,"POINT(-1228.09 -8166.02)",1,3,7.00,"17079","142765"
2026-08-20 10:47:42+00,Aminia,AttackAnythingAction,"POINT(1585.42 -9847.17)",10,4,11.00,"Murloc Lurker (lvl 10)","732"
2026-08-20 10:47:42+00,Arzit,XpGainAction,"POINT(-9562.56 -4256.00)",2,9,8.03,"Sarkoth","56"
2026-08-20 10:47:42+00,Zogsqo,AcceptInvitationAction,"POINT(-13695.70 -4804.73)",6,3,6.00,"Shosicut","2"
2026-08-20 10:47:42+00,Aralco,AttackAnythingAction,"POINT(-197.98 -9543.28)",10,2,9.14,"Rabbit (lvl 1)","721"
2026-08-20 10:47:43+00,Vigoren,AutoReleaseSpiritAction,"POINT(-1143.48 1808.62)",5,9,7.62,"",""
2026-08-20 10:47:43+00,Cedristo,AutoSetTalentsAction,"POINT(219.70 -9016.52)",1,3,9.00,"22447","62562"
2026-08-20 10:47:43+00,Zanderin,AutoSetTalentsAction,"POINT(-1677.45 1676.35)",5,9,4.00,"8651","37736"
2026-08-20 10:47:43+00,Ebby,AutoSetTalentsAction,"POINT(-6488.60 -3908.33)",9,9,3.00,"59480","59480"
2026-08-20 10:47:43+00,Xomki,AutoSetTalentsAction,"POINT(-9379.44 -4196.59)",8,3,5.00,"7430","96063"
2026-08-20 10:47:43+00,Dorelina,AutoSetTalentsAction,"POINT(-9314.29 -2389.30)",9,4,11.00,"20453","75740"
2026-08-20 10:47:43+00,Nelinah,AutoSetTalentsAction,"POINT(-101.24 -9461.92)",1,3,8.00,"6530","14554"
2026-08-20 10:47:43+00,Hikolan,AutoSetTalentsAction,"POINT(-398.64 -9415.62)",10,4,7.00,"47933","86247"
2026-08-20 10:47:43+00,Uwiele,AutoSetTalentsAction,"POINT(-8777.31 -4374.83)",8,8,9.00,"10827","89787"
2026-08-20 10:47:43+00,Ayada,AttackAnythingAction,"POINT(-14429.32 6689.10)",4,11,8.00,"Young Thistle Boar (lvl 2)","1984"
2026-08-20 10:47:43+00,Larabella,XpGainAction,"POINT(-1512.31 1852.35)",5,4,4.02,"Wretched Zombie","52"
2026-08-20 10:47:43+00,Veresto,AttackAnythingAction,"POINT(-506.44 -9625.81)",10,5,8.00,"Mangy Wolf (lvl 5)","525"
2026-08-20 10:47:43+00,Gumogg,XpGainAction,"POINT(406.81 -5700.12)",3,3,9.01,"Young Black Bear","90"
2026-08-20 10:47:44+00,Lantandro,AttackAnythingAction,"POINT(317.05 2775.37)",9,1,10.44,"Cursed Darkhound (lvl 8)","1548"
2026-08-20 10:47:44+00,Silvetta,AutoReleaseSpiritAction,"POINT(-13770.90 -4233.88)",9,4,11.31,"",""
2026-08-20 10:47:44+00,Lashin,AutoSetTalentsAction,"POINT(-9418.33 -4298.52)",8,3,4.00,"25588","89253"
2026-08-20 10:47:44+00,Yolara,AutoSetTalentsAction,"POINT(-171.41 -9339.46)",1,3,8.00,"7193","21149"
2026-08-20 10:47:44+00,Fernon,AttackAnythingAction,"POINT(-9257.79 -3893.40)",9,9,8.00,"Vile Familiar (lvl 3)","3101"
2026-08-20 10:47:44+00,Geraneya,AcceptInvitationAction,"POINT(-13327.97 -5855.19)",9,8,7.14,"Amelia","2"
2026-08-20 10:47:44+00,Astorick,ReviveFromSpiritHealerAction,"POINT(-11146.51 -4272.60)",9,4,14.79,"",""
2026-08-20 10:47:45+00,Talanderen,AutoSetTalentsAction,"POINT(2430.45 3176.44)",10,5,4.00,"26130","69836"
2026-08-20 10:47:45+00,Beatali,AutoSetTalentsAction,"POINT(-93.99 -9464.87)",1,3,9.00,"7724","27463"
2026-08-20 10:47:45+00,Adette,XpGainAction,"POINT(734.32 -8941.04)",10,4,11.28,"Prowler","170"
2026-08-20 10:47:45+00,Jaazre,AttackAnythingAction,"POINT(-9348.10 -3935.68)",8,7,8.01,"Vile Familiar (lvl 4)","3101"
2026-08-20 10:47:45+00,Sadolar,XpGainAction,"POINT(-14598.74 6728.90)",4,11,5.00,"Young Thistle Boar","6"
2026-08-20 10:47:45+00,Kalata,StoreLootAction,"POINT(70.88 -8773.12)",1,9,8.00,"Broken Fang","7073"
2026-08-20 10:47:46+00,Rhyne,AutoSetTalentsAction,"POINT(-14484.78 6806.20)",4,3,3.00,"71243","71243"
2026-08-20 10:47:46+00,Leiah,AutoSetTalentsAction,"POINT(-1566.13 1837.18)",5,8,3.00,"26039","46174"
2026-08-20 10:47:46+00,Coleneva,AutoSetTalentsAction,"POINT(-6492.29 -3907.97)",9,3,2.00,"43464","43464"
2026-08-20 10:47:46+00,Efaldirl,AutoSetTalentsAction,"POINT(-9418.33 -4298.52)",2,1,3.00,"39834","90533"
2026-08-20 10:47:46+00,Hestani,AutoSetTalentsAction,"POINT(527.78 -678.17)",10,5,13.00,"239","35410"
2026-08-20 10:47:46+00,Drugord,AutoSetTalentsAction,"POINT(178.34 -8908.37)",10,1,8.00,"5686","53300"
2026-08-20 10:47:46+00,Kalata,AttackAnythingAction,"POINT(70.88 -8773.12)",1,9,8.00,"Timber Wolf (lvl 2)","69"
2026-08-20 10:47:46+00,Uhlgerm,AttackAnythingAction,"POINT(-9514.88 -4261.72)",2,7,9.40,"Scorpid Worker (lvl 3)","3124"
2026-08-20 10:47:47+00,Walliam,XpGainAction,"POINT(638.45 1887.74)",5,5,7.79,"Cursed Darkhound","160"
2026-08-20 10:47:47+00,Zalerica,AutoSetTalentsAction,"POINT(118.82 -9341.96)",1,8,5.00,"2081","43189"
2026-08-20 10:47:47+00,Darenz,AutoSetTalentsAction,"POINT(-282.04 2064.20)",9,1,7.00,"7019","18982"
2026-08-20 10:47:47+00,Krosus,AutoSetTalentsAction,"POINT(52.88 -9449.94)",1,1,8.00,"40185","176287"
2026-08-20 10:47:47+00,Nathannius,AutoSetTalentsAction,"POINT(-14616.54 6082.21)",4,4,9.00,"5779","36362"
2026-08-20 10:47:47+00,Dyntalia,AttackAnythingAction,"POINT(-481.41 -6338.70)",3,2,7.22,"Ragged Timber Wolf (lvl 2)","704"
2026-08-20 10:47:48+00,Sinary,AutoSetTalentsAction,"POINT(-9308.98 -3852.85)",9,4,7.00,"468","76052"
2026-08-20 10:47:48+00,Hamuel,AttackAnythingAction,"POINT(-13768.29 -6227.47)",9,1,9.94,"Adult Plainstrider (lvl 6)","2956"
2026-08-20 10:47:48+00,Damelamy,AttackAnythingAction,"POINT(355.72 -8929.23)",10,4,7.42,"Defias Thug (lvl 4)","38"
2026-08-20 10:47:48+00,Fanyssa,AttackAnythingAction,"POINT(-14207.14 6777.80)",4,4,6.00,"Young Nightsaber (lvl 1)","2031"
2026-08-20 10:47:48+00,Jaazre,XpGainAction,"POINT(-9005.05 -3367.90)",8,7,8.01,"","45"
2026-08-20 10:47:49+00,Palene,AutoSetTalentsAction,"POINT(-6493.00 -3913.00)",9,3,3.00,"63356","63356"
2026-08-20 10:47:49+00,Levo,AutoSetTalentsAction,"POINT(103.12 -8910.62)",1,2,11.00,"12068","99228"
2026-08-20 10:47:49+00,Goldino,AutoSetTalentsAction,"POINT(347.65 -9062.40)",10,8,8.00,"1317","64639"
2026-08-20 10:47:49+00,Teriley,AttackAnythingAction,"POINT(-632.97 -8795.19)",10,4,3.00,"Rat (lvl 1)","4075"
2026-08-20 10:47:49+00,Lival,AutoReleaseSpiritAction,"POINT(-15539.65 6019.35)",10,3,7.00,"",""
2026-08-20 10:47:49+00,Fetu,AttackAnythingAction,"POINT(-9496.23 -4191.87)",2,1,8.00,"Scorpid Worker (lvl 3)","3124"
2026-08-20 10:47:49+00,Maroto,BGJoinAction,"POINT(-302.40 1596.21)",5,4,12.08,"AB","3"
2026-08-20 10:47:50+00,Solanessa,XpGainAction,"POINT(-66.52 -9926.83)",10,5,10.01,"Stonetusk Boar","80"
2026-08-20 10:47:50+00,Enalaea,AutoSetTalentsAction,"POINT(-14444.84 6756.80)",4,3,6.00,"52560","52560"
2026-08-20 10:47:50+00,Girodo,AutoSetTalentsAction,"POINT(-283.33 2103.45)",9,1,7.00,"4829","36593"
2026-08-20 10:47:50+00,Relatia,AcceptInvitationAction,"POINT(-14690.86 4873.25)",4,4,4.00,"Madrannul","2"
2026-08-20 10:47:51+00,Galani,AutoSetTalentsAction,"POINT(-6485.46 -3905.83)",9,4,4.00,"52938","52938"
2026-08-20 10:47:51+00,Leerane,AutoSetTalentsAction,"POINT(-13656.39 -6486.92)",9,1,8.00,"9112","56048"
2026-08-20 10:47:52+00,Gideus,XpGainAction,"POINT(-9188.51 -4624.71)",9,8,11.63,"Kolkar Outrunner","57"
2026-08-20 10:47:52+00,Dinkau,AttackAnythingAction,"POINT(-13161.63 -6651.77)",6,1,8.32,"Plainstrider (lvl 1)","2955"
2026-08-20 10:47:52+00,Helse,QuestTravelToGiver,"POINT(-9205.76 -2502.22)",9,1,10.33,"Cold Feet","60107"
2026-08-20 10:47:52+00,Harmo,XpGainAction,"POINT(-12978.54 -6218.00)",9,4,7.57,"Venture Co. Hireling","96"
2026-08-20 10:47:52+00,Odorin,AutoSetTalentsAction,"POINT(270.17 -8875.69)",1,8,7.00,"11473","74831"
2026-08-20 10:47:52+00,Alidria,AutoSetTalentsAction,"POINT(-14467.25 6774.30)",4,1,3.00,"53300","91300"
2026-08-20 10:47:52+00,Basily,AutoSetTalentsAction,"POINT(-14612.06 6028.41)",10,3,10.00,"1804","26834"
2026-08-20 10:47:52+00,Haldrian,AutoSetTalentsAction,"POINT(21.91 -9464.84)",10,4,7.00,"4527","18291"
2026-08-20 10:47:52+00,Vigoren,ReviveFromSpiritHealerAction,"POINT(-1629.11 1882.94)",5,9,7.62,"",""
2026-08-20 10:47:52+00,Elos,BGJoinAction,"POINT(871.56 -144.92)",9,9,10.00,"WSG","2"
2026-08-20 10:47:52+00,Enaro,XpGainAction,"POINT(-659.90 2187.88)",5,4,8.14,"Rotting Dead","42"
2026-08-20 10:47:53+00,Thurul,BGJoinAction,"POINT(955.28 -4911.31)",3,1,11.59,"WSG","2"
2026-08-20 10:47:53+00,Bomazz,AttackAnythingAction,"POINT(-103.92 -6156.17)",7,4,9.64,"Rockjaw Raider (lvl 3)","1718"
2026-08-20 10:47:53+00,Erito,AutoSetTalentsAction,"POINT(-6469.50 -3906.62)",9,9,3.00,"47636","96085"
2026-08-20 10:47:53+00,Ibralt,AutoSetTalentsAction,"POINT(-6472.73 -3922.61)",9,1,4.00,"16314","48614"
2026-08-20 10:47:53+00,Sata,AutoSetTalentsAction,"POINT(824.48 -5094.34)",3,3,5.00,"4180","67844"
2026-08-20 10:47:53+00,Hutlu,AutoSetTalentsAction,"POINT(-13327.97 -5855.19)",6,11,6.00,"10941","256186"
2026-08-20 10:47:53+00,Alerie,AutoSetTalentsAction,"POINT(-15559.72 6044.31)",10,2,9.00,"2094","24806"
2026-08-20 10:47:53+00,Silvetta,ReviveFromSpiritHealerAction,"POINT(-13595.35 -4661.92)",9,4,11.31,"",""
2026-08-20 10:47:54+00,Nadren,AutoSetTalentsAction,"POINT(-14661.04 6232.45)",4,3,6.00,"51335","51335"
2026-08-20 10:47:54+00,Frenata,AutoSetTalentsAction,"POINT(-260.52 2292.83)",9,4,7.00,"16241","53394"
2026-08-20 10:47:54+00,Nonlos,AutoSetTalentsAction,"POINT(-326.33 -6295.03)",3,4,14.00,"40948","94701"
2026-08-20 10:47:54+00,Barcel,XpGainAction,"POINT(-101.60 -9787.45)",10,3,10.61,"Kobold Miner","40"
2026-08-20 10:47:54+00,Jaazre,SellAction,"POINT(-9002.81 -3367.54)",8,7,8.08,"Haunch of Meat","2287"
2026-08-20 10:47:54+00,Jaazre,SellAction,"POINT(-9002.81 -3367.54)",8,7,8.08,"Ice Cold Milk","1179"
2026-08-20 10:47:54+00,Landro,AttackAnythingAction,"POINT(141.26 -8835.89)",1,1,7.09,"Kobold Vermin (lvl 2)","6"
2026-08-20 10:47:54+00,Flothan,XpGainAction,"POINT(-9463.27 -2732.74)",9,3,12.77,"Lightning Hide","156"
2026-08-20 10:47:55+00,Gordren,ReviveFromSpiritHealerAction,"POINT(-1629.11 1882.94)",5,9,7.24,"",""
2026-08-20 10:47:55+00,Baderett,AttackAnythingAction,"POINT(-764.20 -9686.91)",10,5,8.00,"Mangy Wolf (lvl 6)","525"
2026-08-20 10:47:55+00,Deleonne,AutoSetTalentsAction,"POINT(-6487.94 -3908.28)",9,4,4.00,"42528","42528"
2026-08-20 10:47:55+00,Jocassa,AutoSetTalentsAction,"POINT(2533.12 3189.11)",10,3,3.00,"58161","58161"
2026-08-20 10:47:55+00,Mario,AutoSetTalentsAction,"POINT(2564.60 3232.57)",10,4,4.00,"8607","51259"
2026-08-20 10:47:55+00,Omaristo,AutoSetTalentsAction,"POINT(-491.11 2346.89)",9,4,7.00,"285","32552"
2026-08-20 10:47:55+00,Muraimon,AutoSetTalentsAction,"POINT(-13830.57 3036.17)",10,4,13.00,"17160","121396"
2026-08-20 10:47:55+00,Cokko,AutoSetTalentsAction,"POINT(-13641.88 -4715.06)",6,7,8.00,"64040","103282"
2026-08-20 10:47:55+00,Proto,XpGainAction,"POINT(-14909.83 6214.65)",10,5,10.06,"Nightsaber","27"
2026-08-20 10:47:55+00,Jaenira,AcceptQuestAction,"POINT(-14632.36 6204.08)",4,11,7.10,"A Troubling Breeze","475"
2026-08-20 10:47:55+00,Emeterena,AttackAnythingAction,"POINT(-325.95 -6482.62)",10,3,8.30,"Frostmane Troll Whelp (lvl 4)","706"
2026-08-20 10:47:55+00,Terendan,BGJoinAction,"POINT(-16202.35 6409.32)",4,4,14.56,"AB","3"
2026-08-20 10:47:56+00,Paradamir,AutoSetTalentsAction,"POINT(-1568.68 1862.91)",5,9,4.00,"23068","37548"
2026-08-20 10:47:56+00,Artim,AutoSetTalentsAction,"POINT(-9307.68 -3844.77)",9,9,8.00,"905","9941"
2026-08-20 10:47:56+00,Krosus,XpGainAction,"POINT(52.88 -9449.94)",1,1,8.02,"Mangy Wolf","84"
2026-08-20 10:47:56+00,Talate,BGJoinAction,"POINT(181.03 -9082.03)",1,4,10.00,"AB","3"
2026-08-20 10:47:57+00,Beneia,SellAction,"POINT(945.38 -4963.38)",1,2,5.00,"Mining Pick","2901"
2026-08-20 10:47:57+00,Beneia,SellAction,"POINT(945.38 -4963.38)",1,2,5.00,"Haunch of Meat","2287"
2026-08-20 10:47:57+00,Orrent,AutoSetTalentsAction,"POINT(866.46 -5228.96)",10,1,6.00,"9202","57875"
2026-08-20 10:47:57+00,Adoriane,AutoSetTalentsAction,"POINT(167.51 -8986.53)",1,2,3.00,"19505","41580"
2026-08-20 10:47:57+00,Ebovino,AutoSetTalentsAction,"POINT(951.25 -5.95)",9,8,10.00,"3187","44897"
2026-08-20 10:47:57+00,Ebovino,AttackAnythingAction,"POINT(951.18 -6.69)",9,8,10.00,"Rat (lvl 1)","4075"
2026-08-20 10:47:58+00,Granor,AttackAnythingAction,"POINT(-6501.94 -3928.62)",9,3,4.49,"Roach (lvl 1)","4076"
2026-08-20 10:47:58+00,Veresto,AutoReleaseSpiritAction,"POINT(-506.44 -9625.81)",10,5,8.00,"",""
2026-08-20 10:47:58+00,Cherica,AcceptQuestAction,"POINT(-567.70 -6366.32)",1,9,7.00,"The Troll Cave","182"
2026-08-20 10:47:58+00,Standrio,AutoSetTalentsAction,"POINT(-9444.35 -4304.67)",9,3,6.00,"11279","48413"
2026-08-20 10:47:58+00,Aslain,AutoSetTalentsAction,"POINT(-802.27 -8817.73)",10,3,3.00,"37024","37024"
2026-08-20 10:47:58+00,Nerice,AutoSetTalentsAction,"POINT(981.17 -18.68)",9,3,8.00,"12489","44528"
2026-08-20 10:47:58+00,Ihzeinn,BGJoinAction,"POINT(-10769.93 -3924.04)",8,4,11.17,"WSG","2"
2026-08-20 10:47:58+00,Paradamir,AttackAnythingAction,"POINT(-1568.68 1862.91)",5,9,4.00,"Mindless Zombie (lvl 1)","1501"
2026-08-20 10:47:58+00,Gengwe,XpGainAction,"POINT(-12668.65 -5509.83)",6,11,9.48,"Prairie Stalker","150"
2026-08-20 10:47:58+00,Damelamy,XpGainAction,"POINT(361.03 -8932.65)",10,4,7.42,"Defias Thug","32"
2026-08-20 10:47:59+00,Flandora,AttackAnythingAction,"POINT(-49.65 -9211.86)",10,1,8.80,"Mangy Wolf (lvl 5)","525"
2026-08-20 10:47:59+00,Nilli,AutoSetTalentsAction,"POINT(-13362.06 -5965.87)",6,7,6.00,"4726","88547"
2026-08-20 10:47:59+00,Estiana,AutoSetTalentsAction,"POINT(-123.49 -9378.65)",10,8,9.00,"4974","32087"
2026-08-20 10:47:59+00,Artimo,AutoSetTalentsAction,"POINT(188.65 -8935.33)",1,3,7.00,"625","35839"
2026-08-20 10:47:59+00,Lival,ReviveFromSpiritHealerAction,"POINT(-15787.12 6374.30)",10,3,7.00,"",""
2026-08-20 10:47:59+00,Aryre,XpGainAction,"POINT(-14763.69 6475.13)",4,3,9.34,"Dark Sprite","45"
2026-08-20 10:48:00+00,Jirae,XpGainAction,"POINT(-14949.97 5896.75)",4,3,5.03,"Gnarlpine Warrior","84"
2026-08-20 10:48:00+00,Harmo,AutoReleaseSpiritAction,"POINT(-12973.34 -6202.74)",9,4,7.73,"",""
2026-08-20 10:48:00+00,Larinari,AttackAnythingAction,"POINT(-6493.00 -3909.62)",9,9,3.00,"Whirling Whizz-Bot (lvl 1)","80112"
2026-08-20 10:48:00+00,Siland,AutoSetTalentsAction,"POINT(-591.37 -8812.48)",10,2,5.00,"26855","40672"
2026-08-20 10:48:00+00,Seryn,AutoSetTalentsAction,"POINT(-14454.89 6759.60)",4,1,2.00,"42856","42856"
2026-08-20 10:48:00+00,Esteraney,AutoSetTalentsAction,"POINT(204.42 -8565.25)",10,4,7.00,"5795","19689"
2026-08-20 10:48:00+00,Richarmin,XpGainAction,"POINT(-13881.25 -5869.89)",9,8,10.42,"Prairie Wolf","80"
2026-08-20 10:48:00+00,Dyntalia,StoreLootAction,"POINT(-481.41 -6338.70)",3,2,7.22,"Chipped Claw","7074"
2026-08-20 10:48:01+00,Landro,AttackAnythingAction,"POINT(111.65 -8767.71)",1,1,7.09,"Kobold Vermin (lvl 1)","6"
2026-08-20 10:48:01+00,Rolanden,AutoSetTalentsAction,"POINT(-6493.00 -3913.00)",9,3,4.00,"58230","58230"
2026-08-20 10:48:01+00,Caterena,AutoSetTalentsAction,"POINT(-152.63 -9056.00)",1,8,8.00,"34530","66096"
2026-08-20 10:48:01+00,Terendan,AutoSetTalentsAction,"POINT(-16208.83 6406.05)",4,4,14.00,"18134","136887"
2026-08-20 10:48:01+00,Surathir,AutoSetTalentsAction,"POINT(-15929.39 6380.00)",4,3,8.00,"82530","151532"
2026-08-20 10:48:01+00,Kentino,AutoSetTalentsAction,"POINT(-13693.94 -4769.32)",9,1,12.00,"47226","119037"
2026-08-20 10:48:01+00,Illeasa,StoreLootAction,"POINT(-14440.42 6875.77)",4,4,8.78,"Ruined Pelt","4865"
2026-08-20 10:48:01+00,Alastra,AcceptInvitationAction,"POINT(90.94 -9278.51)",10,2,7.44,"Minise","2"
2026-08-20 10:48:01+00,Felladan,AcceptInvitationAction,"POINT(-14447.33 6749.33)",4,11,4.00,"Sanstra","2"
2026-08-20 10:48:01+00,Mytaliath,XpGainAction,"POINT(-14906.77 5871.92)",4,4,4.03,"Gnarlpine Warrior","68"
2026-08-20 10:48:02+00,Nerina,AutoSetTalentsAction,"POINT(115.08 -8901.31)",1,1,4.00,"11617","40683"
2026-08-20 10:48:02+00,Dianore,AutoSetTalentsAction,"POINT(-121.04 2042.95)",9,9,6.00,"8843","86130"
2026-08-20 10:48:02+00,Karnurm,AutoSetTalentsAction,"POINT(-424.51 -6728.33)",3,3,7.00,"11429","13692"
2026-08-20 10:48:02+00,Kideky,AutoSetTalentsAction,"POINT(-8931.08 -1624.86)",2,7,12.00,"11958","108917"
2026-08-20 10:48:02+00,Walliam,AutoSetTalentsAction,"POINT(638.45 1887.74)",5,5,7.00,"5134","42362"
2026-08-20 10:48:02+00,Elos,BGJoinAction,"POINT(869.33 -156.66)",9,9,10.00,"WSG","2"
2026-08-20 10:48:02+00,Bevan,TrainerAction,"POINT(-1623.11 1849.76)",5,5,7.28,"Power Word: Fortitude","1255"
2026-08-20 10:48:02+00,Bevan,TrainerAction,"POINT(-1623.11 1849.76)",5,5,7.28,"Shadow Word: Pain","1258"
2026-08-20 10:48:02+00,Bevan,TrainerAction,"POINT(-1623.11 1849.76)",5,5,7.28,"Smite","1275"
2026-08-20 10:48:02+00,Bevan,TrainerAction,"POINT(-1623.11 1849.76)",5,5,7.28,"Lesser Heal","2056"
2026-08-20 10:48:02+00,Bevan,TrainerAction,"POINT(-1623.11 1849.76)",5,5,7.28,"Power Word: Shield","2851"
2026-08-20 10:48:03+00,Valeron,AutoSetTalentsAction,"POINT(-6524.76 -3912.11)",9,8,4.00,"27053","48546"
2026-08-20 10:48:03+00,Redariston,AutoSetTalentsAction,"POINT(-1645.61 1830.69)",5,9,8.00,"34564","54502"
2026-08-20 10:48:03+00,Jirae,AutoReleaseSpiritAction,"POINT(-14955.03 5893.02)",4,3,5.17,"",""
2026-08-20 10:48:03+00,Balandelio,XpGainAction,"POINT(-8882.61 -3497.05)",9,3,7.38,"Dire Mottled Boar","128"
2026-08-20 10:48:03+00,Kathas,AttackAnythingAction,"POINT(-14590.48 6719.70)",4,4,9.17,"Grell (lvl 3)","1988"
2026-08-20 10:48:04+00,Zari,AttackAnythingAction,"POINT(-13933.72 6356.86)",10,4,8.29,"Gnarlpine Mystic (lvl 7)","7235"
2026-08-20 10:48:04+00,Fararian,XpGainAction,"POINT(931.29 -5033.75)",4,4,10.20,"","85"
2026-08-20 10:48:04+00,Gideus,AutoReleaseSpiritAction,"POINT(-9179.19 -4611.92)",9,8,11.65,"",""
2026-08-20 10:48:04+00,Chaelanda,AutoSetTalentsAction,"POINT(-6470.27 -3921.74)",9,9,3.00,"62700","62700"
2026-08-20 10:48:04+00,Miliott,AutoSetTalentsAction,"POINT(-102.16 -9459.80)",10,4,7.00,"500","12511"
2026-08-20 10:48:04+00,Doraney,AutoSetTalentsAction,"POINT(809.09 -5191.84)",1,3,12.00,"11730","62470"
2026-08-20 10:48:04+00,Mastimon,BGJoinAction,"POINT(367.23 -9451.13)",10,2,10.40,"AB","3"
2026-08-20 10:48:04+00,Aminia,AutoReleaseSpiritAction,"POINT(1585.42 -9847.17)",10,4,11.00,"",""
2026-08-20 10:48:05+00,Rhylienne,AutoSetTalentsAction,"POINT(-14455.45 6762.75)",4,3,2.00,"40415","40415"
2026-08-20 10:48:05+00,Olate,AutoSetTalentsAction,"POINT(204.07 -8920.14)",1,1,3.00,"29815","42079"
2026-08-20 10:48:05+00,Emeterena,AutoSetTalentsAction,"POINT(-325.95 -6482.62)",10,3,8.00,"942","10392"
2026-08-20 10:48:05+00,Meronius,AutoReleaseSpiritAction,"POINT(-38.14 -9120.66)",1,3,9.57,"",""
2026-08-20 10:48:05+00,Astorick,BGJoinAction,"POINT(-11146.51 -4272.60)",9,4,14.79,"AB","3"
2026-08-20 10:48:05+00,Deandorion,XpGainAction,"POINT(-235.39 -9873.78)",10,3,8.38,"Kobold Tunneler","42"
2026-08-20 10:48:05+00,Deltia,TalkToQuestGiverAction,"POINT(-14704.91 7031.60)",4,1,7.21,"A Good Friend","4495"
2026-08-20 10:48:06+00,Ridon,AttackAnythingAction,"POINT(-9814.60 -3902.35)",9,8,11.10,"Dreadmaw Crocolisk (lvl 9)","3110"
2026-08-20 10:48:06+00,Felsa,AhAction,"POINT(914.33 -4964.71)",10,2,9.19,"Smoked Sagefish","21072"
2026-08-20 10:48:06+00,Felsa,AhAction,"POINT(914.33 -4964.71)",10,2,9.19,"Smoked Sagefish","21072"
2026-08-20 10:48:06+00,Lantandro,XpGainAction,"POINT(317.05 2775.37)",9,1,10.46,"Cursed Darkhound","134"
2026-08-20 10:48:06+00,Irenia,AutoSetTalentsAction,"POINT(-6528.99 -3947.93)",9,4,3.00,"67243","85305"
2026-08-20 10:48:06+00,Selysea,AutoSetTalentsAction,"POINT(-14967.42 6353.34)",4,4,8.00,"62701","107020"
2026-08-20 10:48:06+00,Lavinetta,AutoSetTalentsAction,"POINT(362.89 -8876.43)",10,4,8.00,"14509","121321"
2026-08-20 10:48:06+00,Vinek,AutoSetTalentsAction,"POINT(-9374.50 -4823.45)",9,9,7.00,"32254","47081"
2026-08-20 10:48:07+00,Arzit,AutoSetTalentsAction,"POINT(-9562.56 -4256.00)",2,9,8.00,"7148","82218"
2026-08-20 10:48:07+00,Paramir,AutoSetTalentsAction,"POINT(-6489.42 -3908.44)",9,4,3.00,"42206","54739"
2026-08-20 10:48:07+00,Patrino,AutoSetTalentsAction,"POINT(2535.85 3165.54)",10,5,5.00,"1436","50042"
2026-08-20 10:48:07+00,Pelanko,AutoSetTalentsAction,"POINT(-388.62 2404.23)",9,1,12.00,"32166","92031"
2026-08-20 10:48:07+00,Bonraco,XpGainAction,"POINT(655.50 -9535.82)",10,2,10.08,"","70"
2026-08-20 10:48:07+00,Veresto,ReviveFromSpiritHealerAction,"POINT(-171.41 -9339.46)",10,5,8.00,"",""
2026-08-20 10:48:08+00,Wilani,AutoReleaseSpiritAction,"POINT(422.31 -5259.71)",10,2,9.27,"",""
2026-08-20 10:48:08+00,Matille,BGJoinAction,"POINT(212.80 -9387.79)",10,5,10.80,"WSG","2"
2026-08-20 10:48:08+00,Landro,QuestUpdateAddKillAction,"POINT(108.17 -8770.00)",1,1,7.09,"7","0.700000"
2026-08-20 10:48:08+00,Mario,XpGainAction,"POINT(2564.60 3232.57)",10,4,4.02,"Young Crimson Lynx","52"
2026-08-20 10:48:08+00,Wonzugon,AutoSetTalentsAction,"POINT(-9557.41 -4269.28)",8,5,3.00,"39422","39422"
2026-08-20 10:48:08+00,Gernis,AutoSetTalentsAction,"POINT(-14439.06 6755.70)",4,3,3.00,"39193","39193"
2026-08-20 10:48:08+00,Erea,AutoSetTalentsAction,"POINT(-14645.74 6618.47)",4,11,7.00,"31409","48681"
2026-08-20 10:48:08+00,Flandora,XpGainAction,"POINT(-49.65 -9211.86)",10,1,8.81,"Mangy Wolf","42"
2026-08-20 10:48:08+00,Samary,AttackAnythingAction,"POINT(2558.67 3171.74)",10,5,4.00,"Young Crimson Lynx (lvl 2)","61690"
2026-08-20 10:48:08+00,Harmo,ReviveFromSpiritHealerAction,"POINT(-13327.97 -5855.19)",9,4,7.73,"",""
2026-08-20 10:48:09+00,Channie,AttackAnythingAction,"POINT(-13.31 -9516.48)",1,9,9.00,"Stonetusk Boar (lvl 6)","113"
2026-08-20 10:48:09+00,Melope,XpGainAction,"POINT(68.50 -9405.65)",1,4,7.01,"","65"
2026-08-20 10:48:09+00,Elanda,AutoSetTalentsAction,"POINT(-622.14 -8868.34)",10,1,7.00,"2152","55070"
2026-08-20 10:48:09+00,Enaro,XpGainAction,"POINT(-659.90 2187.88)",5,4,8.18,"Ravaged Corpse","56"
2026-08-20 10:48:09+00,Biannis,QuestTravelToObjective,"POINT(2477.12 3216.54)",10,1,5.00,"Arcane Golem Revolt","41192"
2026-08-20 10:48:09+00,Thomas,XpGainAction,"POINT(623.41 -9229.65)",10,1,8.22,"","70"
2026-08-20 10:48:09+00,Odorin,StoreLootAction,"POINT(275.46 -8890.43)",1,8,7.00,"Ruined Pelt","4865"
2026-08-20 10:48:09+00,Odorin,StoreLootAction,"POINT(275.46 -8890.43)",1,8,7.00,"Broken Fang","7073"
2026-08-20 10:48:10+00,Dinkau,StoreLootAction,"POINT(-13119.95 -6677.93)",6,1,8.32,"Cracked Egg Shells","4757"
2026-08-20 10:48:10+00,Dinkau,StoreLootAction,"POINT(-13119.95 -6677.93)",6,1,8.32,"Plucked Feather","7096"
2026-08-20 10:48:10+00,Lineveria,AutoSetTalentsAction,"POINT(315.13 -9054.63)",10,2,11.00,"4540","81282"
2026-08-20 10:48:10+00,Raedaar,AutoSetTalentsAction,"POINT(-14690.86 4873.25)",4,4,8.00,"10598","46430"
2026-08-20 10:48:10+00,Selinarina,AutoSetTalentsAction,"POINT(-14690.86 4873.25)",10,5,7.00,"7912","28147"
2026-08-20 10:48:10+00,Glorenata,AutoSetTalentsAction,"POINT(124.59 -8896.69)",10,4,9.00,"13394","60646"
2026-08-20 10:48:10+00,Salessa,AutoSetTalentsAction,"POINT(-9531.88 -4277.22)",9,3,7.00,"3240","98980"
2026-08-20 10:48:10+00,Aralastor,BGJoinAction,"POINT(-686.94 2025.42)",5,9,10.10,"WSG","2"
2026-08-20 10:48:10+00,Gastul,SellAction,"POINT(-13659.78 -6633.60)",6,11,7.07,"Mining Pick","2901"
2026-08-20 10:48:10+00,Gastul,SellAction,"POINT(-13659.78 -6633.60)",6,11,7.07,"Ice Cold Milk","1179"
2026-08-20 10:48:10+00,Dinkau,AttackAnythingAction,"POINT(-13119.95 -6677.93)",6,1,8.32,"Plainstrider (lvl 2)","2955"
2026-08-20 10:48:11+00,Catha,AutoSetTalentsAction,"POINT(-13422.66 -6624.25)",9,8,9.00,"4614","64874"
2026-08-20 10:48:11+00,Flanesta,AutoSetTalentsAction,"POINT(-9934.18 -4646.08)",9,8,8.00,"14694","117327"
2026-08-20 10:48:11+00,Alalias,AutoSetTalentsAction,"POINT(-14480.37 6802.96)",4,11,6.00,"56381","56381"
2026-08-20 10:48:11+00,Jace,AutoSetTalentsAction,"POINT(-6469.26 -3918.46)",9,4,3.00,"49853","55169"
2026-08-20 10:48:11+00,Harmo,AutoSetTalentsAction,"POINT(-13327.97 -5855.19)",9,4,7.00,"1021","39346"
2026-08-20 10:48:11+00,Alantandor,AutoSetTalentsAction,"POINT(-9525.42 -4057.60)",9,8,7.00,"23771","42005"
2026-08-20 10:48:11+00,Eraphael,AutoSetTalentsAction,"POINT(-14690.86 4873.25)",10,3,7.00,"19122","37666"
2026-08-20 10:48:11+00,Amaranne,AutoSetTalentsAction,"POINT(-9587.47 -4128.07)",9,3,7.00,"13745","17403"
2026-08-20 10:48:11+00,Landro,AttackAnythingAction,"POINT(108.17 -8770.00)",1,1,7.09,"Kobold Vermin (lvl 1)","6"
2026-08-20 10:48:11+00,Kentino,BGJoinAction,"POINT(-13693.94 -4769.32)",9,1,12.00,"WSG","2"
2026-08-20 10:48:12+00,Harkond,SellAction,"POINT(204.22 -6013.91)",10,8,7.00,"Freshly Baked Bread","4541"
2026-08-20 10:48:12+00,Harkond,SellAction,"POINT(204.22 -6013.91)",10,8,7.00,"Ice Cold Milk","1179"
2026-08-20 10:48:12+00,Farko,BGJoinAction,"POINT(135.22 -4975.34)",10,3,11.30,"AB","3"
2026-08-20 10:48:12+00,Baderett,AutoReleaseSpiritAction,"POINT(-764.20 -9686.91)",10,5,8.00,"",""
2026-08-20 10:48:12+00,Jirae,ReviveFromSpiritHealerAction,"POINT(-14615.62 6021.25)",4,3,5.17,"",""
2026-08-20 10:48:12+00,Gideus,ReviveFromSpiritHealerAction,"POINT(-9373.97 -4314.63)",9,8,11.65,"",""
2026-08-20 10:48:13+00,Pathera,AutoSetTalentsAction,"POINT(16783.83 -5595.64)",10,8,2.00,"246171","254552"
2026-08-20 10:48:13+00,Fredwar,BGJoinAction,"POINT(-8720.80 -2336.76)",9,4,10.41,"AB","3"
2026-08-20 10:48:13+00,Salleas,TrainerAction,"POINT(-14495.71 6779.88)",4,3,3.30,"Track Beasts","1547"
2026-08-20 10:48:13+00,Tarando,AttackAnythingAction,"POINT(93.41 -8765.28)",10,1,7.71,"Kobold Vermin (lvl 1)","6"
2026-08-20 10:48:14+00,Armario,AutoSetTalentsAction,"POINT(-268.00 2055.67)",5,9,7.00,"1665","7341"
2026-08-20 10:48:14+00,Pabletheyk,AutoSetTalentsAction,"POINT(518.92 -5680.04)",7,8,6.00,"17027","64981"
2026-08-20 10:48:14+00,Santandero,BGJoinAction,"POINT(375.27 -5947.30)",10,4,11.00,"AB","3"
2026-08-20 10:48:14+00,Zolatera,BGJoinAction,"POINT(-492.03 2348.67)",5,9,10.65,"WSG","2"
2026-08-20 10:48:15+00,Emisy,AutoSetTalentsAction,"POINT(-9592.46 -4034.65)",9,4,8.00,"1746","6383"
2026-08-20 10:48:15+00,Olluw,AutoSetTalentsAction,"POINT(-13446.75 -6598.64)",6,7,3.00,"41671","41671"
2026-08-20 10:48:15+00,Merlos,AutoSetTalentsAction,"POINT(-6467.97 -3922.40)",9,3,2.00,"67437","67437"
2026-08-20 10:48:15+00,Clandric,AutoSetTalentsAction,"POINT(119.84 -8898.23)",1,2,9.00,"18516","109809"
2026-08-20 10:48:15+00,Astorick,BGJoinAction,"POINT(-11146.51 -4272.60)",9,4,14.79,"AB","3"
2026-08-20 10:48:15+00,Bevan,AcceptQuestAction,"POINT(-1623.11 1849.76)",5,5,7.28,"In Favor of Darkness","5651"
2026-08-20 10:48:15+00,Deltia,XpGainAction,"POINT(-14704.91 7031.60)",4,1,7.27,"","270"
2026-08-20 10:48:15+00,Muraimon,BGJoinAction,"POINT(-13811.05 3038.96)",10,4,13.00,"WSG","2"
2026-08-20 10:48:15+00,Kylathil,AttackAnythingAction,"POINT(-14495.96 6805.87)",4,3,7.50,"Young Nightsaber (lvl 1)","2031"
2026-08-20 10:48:15+00,Hadas,BGJoinAction,"POINT(-14689.97 4876.26)",10,4,11.00,"AB","3"
2026-08-20 10:48:15+00,Moske,AcceptInvitationAction,"POINT(-13634.00 -4737.11)",6,1,6.00,"Eleodora","2"
2026-08-20 10:48:16+00,Bereander,AttackAnythingAction,"POINT(-9324.11 -4142.86)",9,4,9.19,"Mottled Boar (lvl 2)","3098"
2026-08-20 10:48:16+00,Galanea,AutoSetTalentsAction,"POINT(-14635.40 6113.12)",4,1,3.00,"90669","123958"
2026-08-20 10:48:16+00,Noreli,AutoSetTalentsAction,"POINT(592.50 -732.80)",10,2,5.00,"13305","45451"
2026-08-20 10:48:16+00,Narinari,AutoSetTalentsAction,"POINT(-1643.47 1691.30)",5,9,6.00,"2489","88651"
2026-08-20 10:48:16+00,Federek,AutoSetTalentsAction,"POINT(-6491.54 -3901.29)",9,8,3.00,"74712","90695"
2026-08-20 10:48:16+00,Yelie,SellAction,"POINT(-6498.68 -3908.77)",9,3,2.00,"Rough Sharpening Stone","2862"
2026-08-20 10:48:16+00,Yelie,SellAction,"POINT(-6498.68 -3908.77)",9,3,2.00,"Tough Jerky","117"
2026-08-20 10:48:16+00,Yelie,SellAction,"POINT(-6498.68 -3908.77)",9,3,2.00,"Refreshing Spring Water","159"
2026-08-20 10:48:17+00,Kalata,AttackAnythingAction,"POINT(63.97 -8762.61)",1,9,8.00,"Timber Wolf (lvl 2)","69"
2026-08-20 10:48:17+00,Matille,AutoSetTalentsAction,"POINT(212.80 -9387.79)",10,5,10.00,"9128","77771"
2026-08-20 10:48:17+00,Matille,BGJoinAction,"POINT(212.80 -9387.79)",10,5,10.00,"AB","3"
2026-08-20 10:48:18+00,Acondo,QuestTravelToTaker,"POINT(-571.61 -8416.94)",10,1,11.28,"The Troll Cave","182"
2026-08-20 10:48:18+00,Barnac,XpGainAction,"POINT(602.04 -788.41)",10,1,10.41,"","70"
2026-08-20 10:48:18+00,Javias,AttackAnythingAction,"POINT(-19.37 -9170.08)",1,1,7.00,"Young Wolf (lvl 1)","299"
2026-08-20 10:48:18+00,Aralco,XpGainAction,"POINT(-261.40 -9480.34)",10,2,9.15,"Defias Cutpurse","45"
2026-08-20 10:48:18+00,Gascard,AutoSetTalentsAction,"POINT(561.58 -5241.28)",10,3,8.00,"998","38042"
2026-08-20 10:48:18+00,Arandel,AutoSetTalentsAction,"POINT(2631.74 3724.32)",10,8,7.00,"1008","36815"
2026-08-20 10:48:18+00,Hohdu,AutoReleaseSpiritAction,"POINT(-9343.59 -3446.66)",8,3,7.09,"",""
2026-08-20 10:48:18+00,Barcel,AutoReleaseSpiritAction,"POINT(-101.60 -9787.45)",10,3,10.63,"",""
2026-08-20 10:48:18+00,Ameliana,XpGainAction,"POINT(316.02 -9006.60)",1,3,6.02,"Defias Thug","60"
2026-08-20 10:48:18+00,Surathir,AcceptInvitationAction,"POINT(-15929.39 6380.00)",4,3,8.00,"Shalrin","4"
2026-08-20 10:48:19+00,Aledral,AutoSetTalentsAction,"POINT(-14484.88 6800.70)",4,11,3.00,"68481","105761"
2026-08-20 10:48:19+00,Cikyo,AutoSetTalentsAction,"POINT(-13330.80 -5957.06)",6,3,5.00,"212448","235832"
2026-08-20 10:48:19+00,Nasta,AutoSetTalentsAction,"POINT(-13451.83 -6606.69)",6,11,2.00,"193732","216650"
2026-08-20 10:48:19+00,Redarion,AutoSetTalentsAction,"POINT(-9170.22 -3891.83)",9,8,7.00,"2077","77148"
2026-08-20 10:48:19+00,Landro,QuestUpdateAddKillAction,"POINT(108.17 -8770.00)",1,1,7.09,"7","0.800000"
2026-08-20 10:48:20+00,Iselia,AutoSetTalentsAction,"POINT(168.53 -8856.72)",1,5,3.00,"41483","41483"
2026-08-20 10:48:20+00,Janta,AutoSetTalentsAction,"POINT(505.48 -779.14)",10,1,9.00,"4776","68634"
2026-08-20 10:48:20+00,Berolt,XpGainAction,"POINT(1073.32 -8858.06)",10,3,12.53,"","70"
2026-08-20 10:48:21+00,Cascon,XpGainAction,"POINT(331.96 -9456.27)",10,2,7.30,"Murloc","160"
2026-08-20 10:48:21+00,Ebovino,SellAction,"POINT(950.02 -16.93)",9,8,10.00,"Ice Cold Milk","1179"
2026-08-20 10:48:21+00,Willa,AttackAnythingAction,"POINT(-22.07 -9137.61)",10,8,7.00,"Defias Cutpurse (lvl 5)","94"
2026-08-20 10:48:21+00,Notu,AutoSetTalentsAction,"POINT(-13448.80 -6603.51)",6,11,2.00,"212740","220947"
2026-08-20 10:48:21+00,Manathir,AutoSetTalentsAction,"POINT(-14597.12 6646.83)",4,4,6.00,"35845","35845"
2026-08-20 10:48:21+00,Tarion,AutoSetTalentsAction,"POINT(-14478.56 6745.80)",4,4,9.00,"2822","16317"
2026-08-20 10:48:21+00,Krittlezz,AutoSetTalentsAction,"POINT(-286.62 -5376.06)",7,9,11.00,"724","167974"
2026-08-20 10:48:21+00,Dilley,AutoSetTalentsAction,"POINT(-12900.19 -6669.73)",9,4,7.00,"941","29892"
2026-08-20 10:48:21+00,Verinda,AutoSetTalentsAction,"POINT(-14950.03 6180.08)",10,8,7.00,"8218","28919"
2026-08-20 10:48:21+00,Samary,XpGainAction,"POINT(2558.67 3171.74)",10,5,4.04,"Young Crimson Lynx","78"
2026-08-20 10:48:21+00,Vesia,BGJoinAction,"POINT(-646.60 -8419.30)",1,8,10.07,"AB","3"
2026-08-20 10:48:21+00,Salestra,AttackAnythingAction,"POINT(105.20 -8743.37)",1,9,5.00,"Kobold Worker (lvl 3)","257"
2026-08-20 10:48:21+00,Zari,XpGainAction,"POINT(-13933.54 6357.16)",10,4,8.30,"Gnarlpine Mystic","70"
2026-08-20 10:48:22+00,Yolania,XpGainAction,"POINT(-13769.90 -6600.35)",9,3,7.92,"","35"
2026-08-20 10:48:22+00,Tarando,QuestUpdateAddKillAction,"POINT(93.41 -8765.28)",10,1,7.71,"7","0.700000"
2026-08-20 10:48:23+00,Tarissa,AutoSetTalentsAction,"POINT(-13522.08 -5911.89)",9,8,6.00,"13371","76223"
2026-08-20 10:48:23+00,Nilenelle,AutoSetTalentsAction,"POINT(-6491.48 -3907.37)",9,4,3.00,"42351","42351"
2026-08-20 10:48:23+00,Sylvester,AutoSetTalentsAction,"POINT(193.22 -8932.54)",10,4,6.00,"1615","53397"
2026-08-20 10:48:23+00,Balai,AutoSetTalentsAction,"POINT(2500.15 3197.68)",10,3,2.00,"46182","46182"
2026-08-20 10:48:23+00,Kelo,AutoSetTalentsAction,"POINT(14289.76 -5605.86)",10,8,9.00,"6932","53416"
2026-08-20 10:48:23+00,Nadeleona,XpGainAction,"POINT(-9136.52 -3281.36)",9,9,10.01,"Dire Mottled Boar","108"
2026-08-20 10:48:23+00,Polenno,AttackAnythingAction,"POINT(220.48 -8969.58)",1,4,9.00,"Timber Wolf (lvl 2)","69"
2026-08-20 10:48:23+00,Cascon,StoreLootAction,"POINT(331.96 -9456.27)",10,2,7.46,"Scroll of Spirit","1181"
2026-08-20 10:48:23+00,Tughun,BGJoinAction,"POINT(-8690.02 -3873.18)",8,4,10.00,"WSG","2"
2026-08-20 10:48:23+00,Fredwar,BGJoinAction,"POINT(-8720.80 -2336.76)",9,4,10.41,"WSG","2"
2026-08-20 10:48:24+00,Seriariia,SellAction,"POINT(-14623.80 5012.67)",4,11,7.00,"Sharpened Letter Opener","2138"
2026-08-20 10:48:24+00,Seriariia,SellAction,"POINT(-14623.80 5012.67)",4,11,7.00,"Ice Cold Milk","1179"
2026-08-20 10:48:24+00,Seriariia,SellAction,"POINT(-14623.80 5012.67)",4,11,7.00,"Haunch of Meat","2287"
2026-08-20 10:48:24+00,Fetu,AttackAnythingAction,"POINT(-9496.23 -4191.87)",2,1,8.00,"Scorpid Worker (lvl 3)","3124"
2026-08-20 10:48:24+00,Landro,QuestUpdateAddKillAction,"POINT(108.17 -8770.00)",1,1,7.09,"7","0.900000"
2026-08-20 10:48:24+00,Tatto,AutoSetTalentsAction,"POINT(-13631.92 -4734.45)",6,3,7.00,"67861","85172"
2026-08-20 10:48:24+00,Thrulu,AutoSetTalentsAction,"POINT(-9564.16 -4261.11)",2,3,3.00,"74055","74055"
2026-08-20 10:48:24+00,Arinevanna,AutoSetTalentsAction,"POINT(-6486.32 -3911.27)",9,3,3.00,"56369","56369"
2026-08-20 10:48:24+00,Cylaea,AutoSetTalentsAction,"POINT(-14499.54 6784.00)",4,3,6.00,"21781","43279"
2026-08-20 10:48:24+00,Ganrus,AutoSetTalentsAction,"POINT(-14506.58 6869.06)",4,5,8.00,"17541","152669"
2026-08-20 10:48:24+00,Damianuel,AttackAnythingAction,"POINT(-9346.00 -3558.90)",9,3,7.44,"Dire Mottled Boar (lvl 7)","3099"
2026-08-20 10:48:24+00,Esteven,SellAction,"POINT(115.06 -8898.93)",1,5,8.00,"Mining Pick","2901"
2026-08-20 10:48:24+00,Esteven,SellAction,"POINT(115.06 -8898.93)",1,5,8.00,"Ice Cold Milk","1179"
2026-08-20 10:48:24+00,Esteven,SellAction,"POINT(115.06 -8898.93)",1,5,8.00,"Freshly Baked Bread","4541"
2026-08-20 10:48:24+00,Bonraco,XpGainAction,"POINT(655.87 -9536.41)",10,2,10.16,"Gray Forest Wolf","67"
2026-08-20 10:48:25+00,Tughun,AttackAnythingAction,"POINT(-8690.02 -3873.18)",8,4,10.00,"Kul Tiras Sailor (lvl 6)","3128"
2026-08-20 10:48:25+00,Ridon,AutoReleaseSpiritAction,"POINT(-9814.60 -3902.35)",9,8,11.10,"",""
2026-08-20 10:48:25+00,Thylileath,XpGainAction,"POINT(-14087.41 5945.19)",4,1,8.48,"Gnarlpine Ursa","42"
2026-08-20 10:48:25+00,Konrad,AutoSetTalentsAction,"POINT(109.00 -8909.07)",1,3,2.00,"81416","81992"
2026-08-20 10:48:25+00,Farman,AutoSetTalentsAction,"POINT(-688.97 -6222.47)",10,1,8.00,"2853","55774"
2026-08-20 10:48:25+00,Hadas,BGJoinAction,"POINT(-14689.97 4876.26)",10,4,11.00,"WSG","2"
2026-08-20 10:48:25+00,Okpi,QuestTravelToObjective,"POINT(-13623.53 -4722.78)",6,1,8.48,"The Hunt Begins","747"
2026-08-20 10:48:25+00,Meronius,ReviveFromSpiritHealerAction,"POINT(188.65 -8935.33)",1,3,9.57,"",""
2026-08-20 10:48:26+00,Dauze,AutoSetTalentsAction,"POINT(-13447.84 -6596.24)",6,11,2.00,"85189","85189"
2026-08-20 10:48:26+00,Tarando,StoreLootAction,"POINT(93.41 -8765.28)",10,1,7.71,"Melted Candle","755"
2026-08-20 10:48:26+00,Merlos,AttackAnythingAction,"POINT(-6467.97 -3922.40)",9,3,2.00,"Rat (lvl 1)","4075"
2026-08-20 10:48:26+00,Sinary,XpGainAction,"POINT(-9340.79 -3883.49)",9,4,7.01,"Vile Familiar","32"
2026-08-20 10:48:27+00,Farko,BGJoinAction,"POINT(135.22 -4975.34)",10,3,11.30,"AB","3"
2026-08-20 10:48:27+00,Relle,AttackAnythingAction,"POINT(203.41 -8918.36)",1,1,4.00,"Timber Wolf (lvl 2)","69"
2026-08-20 10:48:27+00,Nolai,AutoSetTalentsAction,"POINT(14289.76 -5605.86)",1,3,8.00,"37040","55822"
2026-08-20 10:48:27+00,Julie,XpGainAction,"POINT(-13.88 2318.39)",5,4,9.45,"","65"
2026-08-20 10:48:27+00,Hamuel,AutoReleaseSpiritAction,"POINT(-13768.29 -6227.47)",9,1,9.94,"",""
2026-08-20 10:48:28+00,Balandelio,TrainerAction,"POINT(-8965.56 -3408.00)",9,3,7.52,"Parry","3128"
2026-08-20 10:48:28+00,Balandelio,TrainerAction,"POINT(-8965.56 -3408.00)",9,3,7.52,"Steady Shot","47319"
2026-08-20 10:48:28+00,Bomazz,AttackAnythingAction,"POINT(-54.52 -6152.63)",7,4,9.64,"Rockjaw Raider (lvl 4)","1718"
2026-08-20 10:48:28+00,Alenneth,AcceptInvitationAction,"POINT(-14454.51 6768.36)",4,3,8.00,"Kylathil","3"
2026-08-20 10:48:28+00,Alatarine,AutoSetTalentsAction,"POINT(119.15 -8895.49)",1,2,4.00,"12248","42309"
2026-08-20 10:48:28+00,Trixie,AutoSetTalentsAction,"POINT(-1398.52 2312.23)",5,9,7.00,"212","60603"
2026-08-20 10:48:28+00,Phillis,AutoSetTalentsAction,"POINT(-6485.91 -3908.61)",9,4,3.00,"69141","89105"
2026-08-20 10:48:28+00,Tomaro,AutoSetTalentsAction,"POINT(-9028.80 -2624.63)",9,4,9.00,"3537","44235"
2026-08-20 10:48:28+00,Timerico,AutoSetTalentsAction,"POINT(601.66 -733.76)",1,8,7.00,"10047","140063"
2026-08-20 10:48:28+00,Bomazz,AutoSetTalentsAction,"POINT(-54.52 -6152.63)",7,4,9.00,"13927","29518"
